"facetCredentialCode",facetCredentialName,chosenTaxonomyCode,chosenTaxonomyDescription,providerCount
MPT,Master of Physical Therapy,208100000X,PHYSICAL MEDICINE & REHABILITATION PHYSICIAN,73
MS,Master of Science,207Q00000X,FAMILY MEDICINE PHYSICIAN,65
MA,Master of Arts,2084P0800X,PSYCHIATRY PHYSICIAN,61
MS,Master of Science,2084P0800X,PSYCHIATRY PHYSICIAN,56
MS,Master of Science,2081S0010X,SPORTS MEDICINE (PHYSICAL MEDICINE & REHABILITATION) PHYSICIAN,54
MS,Master of Science,204E00000X,ORAL & MAXILLOFACIAL SURGERY (D.M.D.),47
MS,Master of Science,208100000X,PHYSICAL MEDICINE & REHABILITATION PHYSICIAN,42
MSPT,Master of Science in Physical Therapy,208100000X,PHYSICAL MEDICINE & REHABILITATION PHYSICIAN,33
MS,Master of Science,208000000X,PEDIATRICS PHYSICIAN,28
MS,Master of Science,207PS0010X,SPORTS MEDICINE (EMERGENCY MEDICINE) PHYSICIAN,26
MA,Master of Arts,207Q00000X,FAMILY MEDICINE PHYSICIAN,21
MS,Master of Science,207R00000X,INTERNAL MEDICINE PHYSICIAN,21
MS,Master of Science,2083S0010X,SPORTS MEDICINE (PREVENTIVE MEDICINE) PHYSICIAN,18
MS,Master of Science,207N00000X,DERMATOLOGY PHYSICIAN,17
MS,Master of Science,2085R0205X,RADIOLOGICAL PHYSICS PHYSICIAN,16
MSW,Master of Social Work,2084P0800X,PSYCHIATRY PHYSICIAN,16
MS,Master of Science,207L00000X,ANESTHESIOLOGY PHYSICIAN,15
MS,Master of Science,207V00000X,OBSTETRICS & GYNECOLOGY PHYSICIAN,15
MPH,Master of Public Health,207Q00000X,FAMILY MEDICINE PHYSICIAN,14
MS,Master of Science,207P00000X,EMERGENCY MEDICINE PHYSICIAN,13
MPH,Master of Public Health,207R00000X,INTERNAL MEDICINE PHYSICIAN,11
MSD,Master of Science in Dentistry,204E00000X,ORAL & MAXILLOFACIAL SURGERY (D.M.D.),11
MS,Master of Science,207X00000X,ORTHOPAEDIC SURGERY PHYSICIAN,10
MS,Master of Science,207ZP0102X,ANATOMIC PATHOLOGY & CLINICAL PATHOLOGY PHYSICIAN,10
MED,Master of Education,2081S0010X,SPORTS MEDICINE (PHYSICAL MEDICINE & REHABILITATION) PHYSICIAN,9
MS,Master of Science,2080P0006X,DEVELOPMENTAL - BEHAVIORAL PEDIATRICS PHYSICIAN,9
MS,Master of Science,208600000X,SURGERY PHYSICIAN,9
MA,Master of Arts,2084P0804X,CHILD & ADOLESCENT PSYCHIATRY PHYSICIAN,8
MS,Master of Science,207SG0203X,CLINICAL MOLECULAR GENETICS PHYSICIAN,8
MS,Master of Science,207Y00000X,OTOLARYNGOLOGY PHYSICIAN,8
MS,Master of Science,2084N0400X,NEUROLOGY PHYSICIAN,8
MA,Master of Arts,207R00000X,INTERNAL MEDICINE PHYSICIAN,7
MPH,Master of Public Health,2083P0901X,PUBLIC HEALTH & GENERAL PREVENTIVE MEDICINE PHYSICIAN,7
MPT,Master of Physical Therapy,2081S0010X,SPORTS MEDICINE (PHYSICAL MEDICINE & REHABILITATION) PHYSICIAN,7
MS,Master of Science,207RC0000X,CARDIOVASCULAR DISEASE PHYSICIAN,7
MS,Master of Science,207RE0101X,"ENDOCRINOLOGY, DIABETES & METABOLISM PHYSICIAN",7
MS,Master of Science,208VP0000X,PAIN MEDICINE PHYSICIAN,7
MA,Master of Arts,208000000X,PEDIATRICS PHYSICIAN,6
MA,Master of Arts,2081S0010X,SPORTS MEDICINE (PHYSICAL MEDICINE & REHABILITATION) PHYSICIAN,6
MS,Master of Science,204C00000X,SPORTS MEDICINE (NEUROMUSCULOSKELETAL MEDICINE) PHYSICIAN,6
MS,Master of Science,207RH0002X,HOSPICE AND PALLIATIVE MEDICINE (INTERNAL MEDICINE) PHYSICIAN,6
MS,Master of Science,207XX0005X,SPORTS MEDICINE (ORTHOPAEDIC SURGERY) PHYSICIAN,6
MS,Master of Science,208D00000X,GENERAL PRACTICE PHYSICIAN,6
MSW,Master of Social Work,207RI0011X,INTERVENTIONAL CARDIOLOGY PHYSICIAN,6
MSW,Master of Social Work,2084P0804X,CHILD & ADOLESCENT PSYCHIATRY PHYSICIAN,6
MA,Master of Arts,207ZP0102X,ANATOMIC PATHOLOGY & CLINICAL PATHOLOGY PHYSICIAN,5
MA,Master of Arts,208D00000X,GENERAL PRACTICE PHYSICIAN,5
MS,Master of Science,207QS0010X,SPORTS MEDICINE (FAMILY MEDICINE) PHYSICIAN,5
MS,Master of Science,2080P0204X,PEDIATRIC EMERGENCY MEDICINE (PEDIATRICS) PHYSICIAN,5
MS,Master of Science,2081P0010X,PEDIATRIC REHABILITATION MEDICINE PHYSICIAN,5
MS,Master of Science,2083X0100X,OCCUPATIONAL MEDICINE PHYSICIAN,5
MSPT,Master of Science in Physical Therapy,2081S0010X,SPORTS MEDICINE (PHYSICAL MEDICINE & REHABILITATION) PHYSICIAN,5
MA,Master of Arts,2083A0300X,ADDICTION MEDICINE (PREVENTIVE MEDICINE) PHYSICIAN,4
MA,Master of Arts,2084A0401X,ADDICTION MEDICINE (PSYCHIATRY & NEUROLOGY) PHYSICIAN,4
MBA,Master of Business Administration,208100000X,PHYSICAL MEDICINE & REHABILITATION PHYSICIAN,4
MOTR/L,Master of Occupational Therapy Registered/Licensed,208100000X,PHYSICAL MEDICINE & REHABILITATION PHYSICIAN,4
MPA,Master of Public Administration,207Q00000X,FAMILY MEDICINE PHYSICIAN,4
MPH,Master of Public Health,204E00000X,ORAL & MAXILLOFACIAL SURGERY (D.M.D.),4
MPH,Master of Public Health,208000000X,PEDIATRICS PHYSICIAN,4
MS,Master of Science,207LP3000X,PEDIATRIC ANESTHESIOLOGY PHYSICIAN,4
MS,Master of Science,207QA0505X,ADULT MEDICINE PHYSICIAN,4
MS,Master of Science,207QG0300X,GERIATRIC MEDICINE (FAMILY MEDICINE) PHYSICIAN,4
MS,Master of Science,207SC0300X,CLINICAL CYTOGENETICS PHYSICIAN,4
MS,Master of Science,2080N0001X,NEONATAL-PERINATAL MEDICINE PHYSICIAN,4
MS,Master of Science,2084A0401X,ADDICTION MEDICINE (PSYCHIATRY & NEUROLOGY) PHYSICIAN,4
MS,Master of Science,2085R0001X,RADIATION ONCOLOGY PHYSICIAN,4
MA,Master of Arts,207N00000X,DERMATOLOGY PHYSICIAN,3
MA,Master of Arts,207QA0401X,ADDICTION MEDICINE (FAMILY MEDICINE) PHYSICIAN,3
MA,Master of Arts,2080P0006X,DEVELOPMENTAL - BEHAVIORAL PEDIATRICS PHYSICIAN,3
MA,Master of Arts,208100000X,PHYSICAL MEDICINE & REHABILITATION PHYSICIAN,3
MBA,Master of Business Administration,204E00000X,ORAL & MAXILLOFACIAL SURGERY (D.M.D.),3
MBA,Master of Business Administration,207Q00000X,FAMILY MEDICINE PHYSICIAN,3
MED,Master of Education,207Q00000X,FAMILY MEDICINE PHYSICIAN,3
MOT,Master of Occupational Therapy,208000000X,PEDIATRICS PHYSICIAN,3
MOT,Master of Occupational Therapy,2083X0100X,OCCUPATIONAL MEDICINE PHYSICIAN,3
MPH,Master of Public Health,207P00000X,EMERGENCY MEDICINE PHYSICIAN,3
MPH,Master of Public Health,207V00000X,OBSTETRICS & GYNECOLOGY PHYSICIAN,3
MPH,Master of Public Health,2084P0800X,PSYCHIATRY PHYSICIAN,3
MPT,Master of Physical Therapy,2081N0008X,NEUROMUSCULAR MEDICINE (PHYSICAL MEDICINE & REHABILITATION) PHYSICIAN,3
MPT,Master of Physical Therapy,2081P0010X,PEDIATRIC REHABILITATION MEDICINE PHYSICIAN,3
MS,Master of Science,202D00000X,INTEGRATIVE MEDICINE PHYSICIAN,3
MS,Master of Science,207QA0401X,ADDICTION MEDICINE (FAMILY MEDICINE) PHYSICIAN,3
MS,Master of Science,207RR0500X,RHEUMATOLOGY PHYSICIAN,3
MS,Master of Science,207RX0202X,MEDICAL ONCOLOGY PHYSICIAN,3
MS,Master of Science,207T00000X,NEUROLOGICAL SURGERY PHYSICIAN,3
MS,Master of Science,207W00000X,OPHTHALMOLOGY PHYSICIAN,3
MS,Master of Science,2080P0207X,PEDIATRIC HEMATOLOGY & ONCOLOGY PHYSICIAN,3
MS,Master of Science,2084B0040X,BEHAVIORAL NEUROLOGY & NEUROPSYCHIATRY PHYSICIAN,3
MS,Master of Science,2084P0804X,CHILD & ADOLESCENT PSYCHIATRY PHYSICIAN,3
MS,Master of Science,2086X0206X,SURGICAL ONCOLOGY PHYSICIAN,3
MS,Master of Science,208800000X,UROLOGY PHYSICIAN,3
MS,Master of Science,208G00000X,THORACIC SURGERY (CARDIOTHORACIC VASCULAR SURGERY) PHYSICIAN,3
MS,Master of Science,208M00000X,HOSPITALIST PHYSICIAN,3
MSW,Master of Social Work,207Q00000X,FAMILY MEDICINE PHYSICIAN,3
MSW,Master of Social Work,2080P0006X,DEVELOPMENTAL - BEHAVIORAL PEDIATRICS PHYSICIAN,3
MSW,Master of Social Work,2084P0802X,ADDICTION PSYCHIATRY PHYSICIAN,3
MSW,Master of Social Work,208M00000X,HOSPITALIST PHYSICIAN,3
MA,Master of Arts,204C00000X,SPORTS MEDICINE (NEUROMUSCULOSKELETAL MEDICINE) PHYSICIAN,2
MA,Master of Arts,207L00000X,ANESTHESIOLOGY PHYSICIAN,2
MA,Master of Arts,207RA0401X,ADDICTION MEDICINE (INTERNAL MEDICINE) PHYSICIAN,2
MA,Master of Arts,207RH0003X,HEMATOLOGY & ONCOLOGY PHYSICIAN,2
MA,Master of Arts,207RS0010X,SPORTS MEDICINE (INTERNAL MEDICINE) PHYSICIAN,2
MA,Master of Arts,2084N0400X,NEUROLOGY PHYSICIAN,2
MA,Master of Arts,2085R0202X,DIAGNOSTIC RADIOLOGY PHYSICIAN,2
MBA,Master of Business Administration,2081S0010X,SPORTS MEDICINE (PHYSICAL MEDICINE & REHABILITATION) PHYSICIAN,2
MBA,Master of Business Administration,2085R0205X,RADIOLOGICAL PHYSICS PHYSICIAN,2
MBA,Master of Business Administration,208D00000X,GENERAL PRACTICE PHYSICIAN,2
ME,Master of Engineering,208000000X,PEDIATRICS PHYSICIAN,2
MED,Master of Education,207PS0010X,SPORTS MEDICINE (EMERGENCY MEDICINE) PHYSICIAN,2
MED,Master of Education,207ZP0102X,ANATOMIC PATHOLOGY & CLINICAL PATHOLOGY PHYSICIAN,2
MED,Master of Education,2084P0800X,PSYCHIATRY PHYSICIAN,2
MFA,Master of Fine Arts,208100000X,PHYSICAL MEDICINE & REHABILITATION PHYSICIAN,2
MPA,Master of Public Administration,2081S0010X,SPORTS MEDICINE (PHYSICAL MEDICINE & REHABILITATION) PHYSICIAN,2
MPH,Master of Public Health,207RC0000X,CARDIOVASCULAR DISEASE PHYSICIAN,2
MPH,Master of Public Health,207RE0101X,"ENDOCRINOLOGY, DIABETES & METABOLISM PHYSICIAN",2
MPH,Master of Public Health,207RH0003X,HEMATOLOGY & ONCOLOGY PHYSICIAN,2
MPH,Master of Public Health,208600000X,SURGERY PHYSICIAN,2
MPH,Master of Public Health,208800000X,UROLOGY PHYSICIAN,2
MS,Master of Science,207NS0135X,PROCEDURAL DERMATOLOGY PHYSICIAN,2
MS,Master of Science,207RC0200X,CRITICAL CARE MEDICINE (INTERNAL MEDICINE) PHYSICIAN,2
MS,Master of Science,207RG0300X,GERIATRIC MEDICINE (INTERNAL MEDICINE) PHYSICIAN,2
MS,Master of Science,207RS0010X,SPORTS MEDICINE (INTERNAL MEDICINE) PHYSICIAN,2
MS,Master of Science,207VG0400X,GYNECOLOGY PHYSICIAN,2
MS,Master of Science,207VM0101X,MATERNAL & FETAL MEDICINE PHYSICIAN,2
MS,Master of Science,207ZC0006X,CLINICAL PATHOLOGY PHYSICIAN,2
MS,Master of Science,207ZP0101X,ANATOMIC PATHOLOGY PHYSICIAN,2
MS,Master of Science,2081H0002X,HOSPICE AND PALLIATIVE MEDICINE (PHYSICAL MEDICINE & REHABILITATION) PHYSICIAN,2
MS,Master of Science,208200000X,PLASTIC SURGERY PHYSICIAN,2
MS,Master of Science,2084P0802X,ADDICTION PSYCHIATRY PHYSICIAN,2
MS,Master of Science,2086S0122X,PLASTIC AND RECONSTRUCTIVE SURGERY PHYSICIAN,2
MS,Master of Science,208VP0014X,INTERVENTIONAL PAIN MEDICINE PHYSICIAN,2
MSW,Master of Social Work,208D00000X,GENERAL PRACTICE PHYSICIAN,2
MTH,Master of Theology,208100000X,PHYSICAL MEDICINE & REHABILITATION PHYSICIAN,2
MA,Master of Arts,202K00000X,PHLEBOLOGY PHYSICIAN,1
MA,Master of Arts,207PE0004X,EMERGENCY MEDICAL SERVICES (EMERGENCY MEDICINE) PHYSICIAN,1
MA,Master of Arts,207PS0010X,SPORTS MEDICINE (EMERGENCY MEDICINE) PHYSICIAN,1
MA,Master of Arts,207RE0101X,"ENDOCRINOLOGY, DIABETES & METABOLISM PHYSICIAN",1
MA,Master of Arts,207RG0100X,GASTROENTEROLOGY PHYSICIAN,1
MA,Master of Arts,207RG0300X,GERIATRIC MEDICINE (INTERNAL MEDICINE) PHYSICIAN,1
MA,Master of Arts,207RI0008X,HEPATOLOGY PHYSICIAN,1
MA,Master of Arts,207RI0011X,INTERVENTIONAL CARDIOLOGY PHYSICIAN,1
MA,Master of Arts,207RS0012X,SLEEP MEDICINE (INTERNAL MEDICINE) PHYSICIAN,1
MA,Master of Arts,207V00000X,OBSTETRICS & GYNECOLOGY PHYSICIAN,1
MA,Master of Arts,207X00000X,ORTHOPAEDIC SURGERY PHYSICIAN,1
MA,Master of Arts,207XS0114X,ADULT RECONSTRUCTIVE ORTHOPAEDIC SURGERY PHYSICIAN,1
MA,Master of Arts,207Y00000X,OTOLARYNGOLOGY PHYSICIAN,1
MA,Master of Arts,207ZP0213X,PEDIATRIC PATHOLOGY PHYSICIAN,1
MA,Master of Arts,2080P0008X,PEDIATRIC NEURODEVELOPMENTAL DISABILITIES PHYSICIAN,1
MA,Master of Arts,2081N0008X,NEUROMUSCULAR MEDICINE (PHYSICAL MEDICINE & REHABILITATION) PHYSICIAN,1
MA,Master of Arts,2081P2900X,PAIN MEDICINE (PHYSICAL MEDICINE & REHABILITATION) PHYSICIAN,1
MA,Master of Arts,2083C0008X,CLINICAL INFORMATICS PHYSICIAN,1
MA,Master of Arts,2083P0011X,UNDERSEA AND HYPERBARIC MEDICINE (PREVENTIVE MEDICINE) PHYSICIAN,1
MA,Master of Arts,2083P0901X,PUBLIC HEALTH & GENERAL PREVENTIVE MEDICINE PHYSICIAN,1
MA,Master of Arts,2083S0010X,SPORTS MEDICINE (PREVENTIVE MEDICINE) PHYSICIAN,1
MA,Master of Arts,2084F0202X,FORENSIC PSYCHIATRY PHYSICIAN,1
MA,Master of Arts,2084H0002X,HOSPICE AND PALLIATIVE MEDICINE (PSYCHIATRY & NEUROLOGY) PHYSICIAN,1
MA,Master of Arts,2084N0402X,NEUROLOGY WITH SPECIAL QUALIFICATIONS IN CHILD NEUROLOGY PHYSICIAN,1
MA,Master of Arts,2084P0005X,NEURODEVELOPMENTAL DISABILITIES PHYSICIAN,1
MA,Master of Arts,2084P0805X,GERIATRIC PSYCHIATRY PHYSICIAN,1
MA,Master of Arts,2085B0100X,BODY IMAGING PHYSICIAN,1
MA,Master of Arts,208600000X,SURGERY PHYSICIAN,1
MA,Master of Arts,2086S0122X,PLASTIC AND RECONSTRUCTIVE SURGERY PHYSICIAN,1
MA,Master of Arts,208800000X,UROLOGY PHYSICIAN,1
MASTERS,Masters Degree,207Q00000X,FAMILY MEDICINE PHYSICIAN,1
MASTERS,Masters Degree,2084P0800X,PSYCHIATRY PHYSICIAN,1
MASTERS,Masters Degree,208M00000X,HOSPITALIST PHYSICIAN,1
MBA,Master of Business Administration,202K00000X,PHLEBOLOGY PHYSICIAN,1
MBA,Master of Business Administration,207ND0900X,DERMATOPATHOLOGY PHYSICIAN,1
MBA,Master of Business Administration,207PS0010X,SPORTS MEDICINE (EMERGENCY MEDICINE) PHYSICIAN,1
MBA,Master of Business Administration,207R00000X,INTERNAL MEDICINE PHYSICIAN,1
MBA,Master of Business Administration,207RH0002X,HOSPICE AND PALLIATIVE MEDICINE (INTERNAL MEDICINE) PHYSICIAN,1
MBA,Master of Business Administration,207SC0300X,CLINICAL CYTOGENETICS PHYSICIAN,1
MBA,Master of Business Administration,207ZD0900X,DERMATOPATHOLOGY (PATHOLOGY) PHYSICIAN,1
MBA,Master of Business Administration,2083P0901X,PUBLIC HEALTH & GENERAL PREVENTIVE MEDICINE PHYSICIAN,1
MBA,Master of Business Administration,2083S0010X,SPORTS MEDICINE (PREVENTIVE MEDICINE) PHYSICIAN,1
MBA,Master of Business Administration,2084P0800X,PSYCHIATRY PHYSICIAN,1
MBA,Master of Business Administration,2085R0001X,RADIATION ONCOLOGY PHYSICIAN,1
MBA,Master of Business Administration,2085U0001X,DIAGNOSTIC ULTRASOUND PHYSICIAN,1
MBA,Master of Business Administration,208M00000X,HOSPITALIST PHYSICIAN,1
MBA,Master of Business Administration,208U00000X,CLINICAL PHARMACOLOGY PHYSICIAN,1
MBA,Master of Business Administration,208VP0000X,PAIN MEDICINE PHYSICIAN,1
MBA,Master of Business Administration,208VP0014X,INTERVENTIONAL PAIN MEDICINE PHYSICIAN,1
MCD,Master of Communication Disorders,207ZP0102X,ANATOMIC PATHOLOGY & CLINICAL PATHOLOGY PHYSICIAN,1
MCD,Master of Communication Disorders,207ZP0213X,PEDIATRIC PATHOLOGY PHYSICIAN,1
ME,Master of Engineering,207P00000X,EMERGENCY MEDICINE PHYSICIAN,1
ME,Master of Engineering,207R00000X,INTERNAL MEDICINE PHYSICIAN,1
ME,Master of Engineering,207SG0201X,CLINICAL GENETICS (M.D.) PHYSICIAN,1
ME,Master of Engineering,208D00000X,GENERAL PRACTICE PHYSICIAN,1
MED,Master of Education,202C00000X,INDEPENDENT MEDICAL EXAMINER PHYSICIAN,1
MED,Master of Education,204C00000X,SPORTS MEDICINE (NEUROMUSCULOSKELETAL MEDICINE) PHYSICIAN,1
MED,Master of Education,207X00000X,ORTHOPAEDIC SURGERY PHYSICIAN,1
MED,Master of Education,208000000X,PEDIATRICS PHYSICIAN,1
MED,Master of Education,2080P0006X,DEVELOPMENTAL - BEHAVIORAL PEDIATRICS PHYSICIAN,1
MED,Master of Education,2080P0008X,PEDIATRIC NEURODEVELOPMENTAL DISABILITIES PHYSICIAN,1
MED,Master of Education,208100000X,PHYSICAL MEDICINE & REHABILITATION PHYSICIAN,1
MED,Master of Education,2083S0010X,SPORTS MEDICINE (PREVENTIVE MEDICINE) PHYSICIAN,1
MED,Master of Education,2084P0804X,CHILD & ADOLESCENT PSYCHIATRY PHYSICIAN,1
MED,Master of Education,208600000X,SURGERY PHYSICIAN,1
MHA,Master of Health Administration,202K00000X,PHLEBOLOGY PHYSICIAN,1
MHA,Master of Health Administration,207Q00000X,FAMILY MEDICINE PHYSICIAN,1
MHA,Master of Health Administration,208100000X,PHYSICAL MEDICINE & REHABILITATION PHYSICIAN,1
MHA,Master of Health Administration,2081S0010X,SPORTS MEDICINE (PHYSICAL MEDICINE & REHABILITATION) PHYSICIAN,1
MHA,Master of Health Administration,2083P0011X,UNDERSEA AND HYPERBARIC MEDICINE (PREVENTIVE MEDICINE) PHYSICIAN,1
MHA,Master of Health Administration,2083P0901X,PUBLIC HEALTH & GENERAL PREVENTIVE MEDICINE PHYSICIAN,1
MHA,Master of Health Administration,208M00000X,HOSPITALIST PHYSICIAN,1
MOT,Master of Occupational Therapy,207R00000X,INTERNAL MEDICINE PHYSICIAN,1
MOT,Master of Occupational Therapy,207RG0300X,GERIATRIC MEDICINE (INTERNAL MEDICINE) PHYSICIAN,1
MOT,Master of Occupational Therapy,2080P0006X,DEVELOPMENTAL - BEHAVIORAL PEDIATRICS PHYSICIAN,1
MOT,Master of Occupational Therapy,208100000X,PHYSICAL MEDICINE & REHABILITATION PHYSICIAN,1
MOT,Master of Occupational Therapy,2081P0004X,SPINAL CORD INJURY MEDICINE PHYSICIAN,1
MOT,Master of Occupational Therapy,2081P0010X,PEDIATRIC REHABILITATION MEDICINE PHYSICIAN,1
MOTR/L,Master of Occupational Therapy Registered/Licensed,207NP0225X,PEDIATRIC DERMATOLOGY PHYSICIAN,1
MOTR/L,Master of Occupational Therapy Registered/Licensed,2081P0010X,PEDIATRIC REHABILITATION MEDICINE PHYSICIAN,1
MPA,Master of Public Administration,202D00000X,INTEGRATIVE MEDICINE PHYSICIAN,1
MPA,Master of Public Administration,207P00000X,EMERGENCY MEDICINE PHYSICIAN,1
MPA,Master of Public Administration,207R00000X,INTERNAL MEDICINE PHYSICIAN,1
MPA,Master of Public Administration,207RS0012X,SLEEP MEDICINE (INTERNAL MEDICINE) PHYSICIAN,1
MPA,Master of Public Administration,207X00000X,ORTHOPAEDIC SURGERY PHYSICIAN,1
MPA,Master of Public Administration,207Y00000X,OTOLARYNGOLOGY PHYSICIAN,1
MPA,Master of Public Administration,2080A0000X,PEDIATRIC ADOLESCENT MEDICINE PHYSICIAN,1
MPA,Master of Public Administration,2083S0010X,SPORTS MEDICINE (PREVENTIVE MEDICINE) PHYSICIAN,1
MPA,Master of Public Administration,208600000X,SURGERY PHYSICIAN,1
MPA,Master of Public Administration,208G00000X,THORACIC SURGERY (CARDIOTHORACIC VASCULAR SURGERY) PHYSICIAN,1
MPH,Master of Public Health,207LP3000X,PEDIATRIC ANESTHESIOLOGY PHYSICIAN,1
MPH,Master of Public Health,207N00000X,DERMATOLOGY PHYSICIAN,1
MPH,Master of Public Health,207PE0004X,EMERGENCY MEDICAL SERVICES (EMERGENCY MEDICINE) PHYSICIAN,1
MPH,Master of Public Health,207QA0401X,ADDICTION MEDICINE (FAMILY MEDICINE) PHYSICIAN,1
MPH,Master of Public Health,207RG0100X,GASTROENTEROLOGY PHYSICIAN,1
MPH,Master of Public Health,207RI0011X,INTERVENTIONAL CARDIOLOGY PHYSICIAN,1
MPH,Master of Public Health,207VX0000X,OBSTETRICS PHYSICIAN,1
MPH,Master of Public Health,207X00000X,ORTHOPAEDIC SURGERY PHYSICIAN,1
MPH,Master of Public Health,207Y00000X,OTOLARYNGOLOGY PHYSICIAN,1
MPH,Master of Public Health,207ZP0102X,ANATOMIC PATHOLOGY & CLINICAL PATHOLOGY PHYSICIAN,1
MPH,Master of Public Health,207ZP0105X,CLINICAL PATHOLOGY/LABORATORY MEDICINE PHYSICIAN,1
MPH,Master of Public Health,208100000X,PHYSICAL MEDICINE & REHABILITATION PHYSICIAN,1
MPH,Master of Public Health,208200000X,PLASTIC SURGERY PHYSICIAN,1
MPH,Master of Public Health,2083S0010X,SPORTS MEDICINE (PREVENTIVE MEDICINE) PHYSICIAN,1
MPH,Master of Public Health,2084F0202X,FORENSIC PSYCHIATRY PHYSICIAN,1
MPH,Master of Public Health,2084N0400X,NEUROLOGY PHYSICIAN,1
MPH,Master of Public Health,2084N0402X,NEUROLOGY WITH SPECIAL QUALIFICATIONS IN CHILD NEUROLOGY PHYSICIAN,1
MPH,Master of Public Health,2086S0122X,PLASTIC AND RECONSTRUCTIVE SURGERY PHYSICIAN,1
MPH,Master of Public Health,2086S0127X,TRAUMA SURGERY PHYSICIAN,1
MPH,Master of Public Health,208D00000X,GENERAL PRACTICE PHYSICIAN,1
MPH,Master of Public Health,208VP0000X,PAIN MEDICINE PHYSICIAN,1
MPT,Master of Physical Therapy,207Q00000X,FAMILY MEDICINE PHYSICIAN,1
MPT,Master of Physical Therapy,207R00000X,INTERNAL MEDICINE PHYSICIAN,1
MPT,Master of Physical Therapy,2083X0100X,OCCUPATIONAL MEDICINE PHYSICIAN,1
MS,Master of Science,202C00000X,INDEPENDENT MEDICAL EXAMINER PHYSICIAN,1
MS,Master of Science,207K00000X,ALLERGY & IMMUNOLOGY PHYSICIAN,1
MS,Master of Science,207KA0200X,ALLERGY PHYSICIAN,1
MS,Master of Science,207LP2900X,PAIN MEDICINE (ANESTHESIOLOGY) PHYSICIAN,1
MS,Master of Science,207NI0002X,CLINICAL & LABORATORY DERMATOLOGICAL IMMUNOLOGY PHYSICIAN,1
MS,Master of Science,207NP0225X,PEDIATRIC DERMATOLOGY PHYSICIAN,1
MS,Master of Science,207PE0004X,EMERGENCY MEDICAL SERVICES (EMERGENCY MEDICINE) PHYSICIAN,1
MS,Master of Science,207QH0002X,HOSPICE AND PALLIATIVE MEDICINE (FAMILY MEDICINE) PHYSICIAN,1
MS,Master of Science,207RA0401X,ADDICTION MEDICINE (INTERNAL MEDICINE) PHYSICIAN,1
MS,Master of Science,207RG0100X,GASTROENTEROLOGY PHYSICIAN,1
MS,Master of Science,207RI0011X,INTERVENTIONAL CARDIOLOGY PHYSICIAN,1
MS,Master of Science,207SG0201X,CLINICAL GENETICS (M.D.) PHYSICIAN,1
MS,Master of Science,207SG0202X,CLINICAL BIOCHEMICAL GENETICS PHYSICIAN,1
MS,Master of Science,207SG0207X,MEDICAL BIOCHEMICAL GENETICS,1
MS,Master of Science,207WX0009X,GLAUCOMA SPECIALIST (OPHTHALMOLOGY) PHYSICIAN,1
MS,Master of Science,207XP3100X,PEDIATRIC ORTHOPAEDIC SURGERY PHYSICIAN,1
MS,Master of Science,207XS0106X,ORTHOPAEDIC HAND SURGERY PHYSICIAN,1
MS,Master of Science,207XS0114X,ADULT RECONSTRUCTIVE ORTHOPAEDIC SURGERY PHYSICIAN,1
MS,Master of Science,207XS0117X,ORTHOPAEDIC SURGERY OF THE SPINE PHYSICIAN,1
MS,Master of Science,207ZC0500X,CYTOPATHOLOGY PHYSICIAN,1
MS,Master of Science,207ZI0100X,IMMUNOPATHOLOGY PHYSICIAN,1
MS,Master of Science,207ZM0300X,MEDICAL MICROBIOLOGY PHYSICIAN,1
MS,Master of Science,207ZP0105X,CLINICAL PATHOLOGY/LABORATORY MEDICINE PHYSICIAN,1
MS,Master of Science,207ZP0213X,PEDIATRIC PATHOLOGY PHYSICIAN,1
MS,Master of Science,2080B0002X,PEDIATRIC OBESITY MEDICINE PHYSICIAN,1
MS,Master of Science,2080P0202X,PEDIATRIC CARDIOLOGY PHYSICIAN,1
MS,Master of Science,2080P0205X,PEDIATRIC ENDOCRINOLOGY PHYSICIAN,1
MS,Master of Science,2080P0208X,PEDIATRIC INFECTIOUS DISEASES PHYSICIAN,1
MS,Master of Science,2080S0010X,PEDIATRIC SPORTS MEDICINE PHYSICIAN,1
MS,Master of Science,2081P2900X,PAIN MEDICINE (PHYSICAL MEDICINE & REHABILITATION) PHYSICIAN,1
MS,Master of Science,2083B0002X,OBESITY MEDICINE (PREVENTIVE MEDICINE) PHYSICIAN,1
MS,Master of Science,2083P0011X,UNDERSEA AND HYPERBARIC MEDICINE (PREVENTIVE MEDICINE) PHYSICIAN,1
MS,Master of Science,2083P0500X,PREVENTIVE MEDICINE/OCCUPATIONAL ENVIRONMENTAL MEDICINE PHYSICIAN,1
MS,Master of Science,2083P0901X,PUBLIC HEALTH & GENERAL PREVENTIVE MEDICINE PHYSICIAN,1
MS,Master of Science,2084N0600X,CLINICAL NEUROPHYSIOLOGY PHYSICIAN,1
MS,Master of Science,2084P0005X,NEURODEVELOPMENTAL DISABILITIES PHYSICIAN,1
MS,Master of Science,2084P0805X,GERIATRIC PSYCHIATRY PHYSICIAN,1
MS,Master of Science,2084S0010X,SPORTS MEDICINE (PSYCHIATRY & NEUROLOGY) PHYSICIAN,1
MS,Master of Science,2085R0202X,DIAGNOSTIC RADIOLOGY PHYSICIAN,1
MS,Master of Science,2085U0001X,DIAGNOSTIC ULTRASOUND PHYSICIAN,1
MS,Master of Science,2086S0102X,SURGICAL CRITICAL CARE PHYSICIAN,1
MS,Master of Science,2086S0120X,PEDIATRIC SURGERY PHYSICIAN,1
MS,Master of Science,2086S0127X,TRAUMA SURGERY PHYSICIAN,1
MS,Master of Science,208U00000X,CLINICAL PHARMACOLOGY PHYSICIAN,1
MSD,Master of Science in Dentistry,207L00000X,ANESTHESIOLOGY PHYSICIAN,1
MSED,Master of Science in Education,202C00000X,INDEPENDENT MEDICAL EXAMINER PHYSICIAN,1
MSED,Master of Science in Education,204E00000X,ORAL & MAXILLOFACIAL SURGERY (D.M.D.),1
MSED,Master of Science in Education,2080P0006X,DEVELOPMENTAL - BEHAVIORAL PEDIATRICS PHYSICIAN,1
MSED,Master of Science in Education,2081S0010X,SPORTS MEDICINE (PHYSICAL MEDICINE & REHABILITATION) PHYSICIAN,1
MSOTR/L,Master of Science in Occupational Therapy Registered/Licensed,208100000X,PHYSICAL MEDICINE & REHABILITATION PHYSICIAN,1
MSPT,Master of Science in Physical Therapy,207V00000X,OBSTETRICS & GYNECOLOGY PHYSICIAN,1
MSPT,Master of Science in Physical Therapy,2081H0002X,HOSPICE AND PALLIATIVE MEDICINE (PHYSICAL MEDICINE & REHABILITATION) PHYSICIAN,1
MSPT,Master of Science in Physical Therapy,2081N0008X,NEUROMUSCULAR MEDICINE (PHYSICAL MEDICINE & REHABILITATION) PHYSICIAN,1
MSPT,Master of Science in Physical Therapy,2081P0010X,PEDIATRIC REHABILITATION MEDICINE PHYSICIAN,1
MSSW,Master of Science in Social Work,2084P0800X,PSYCHIATRY PHYSICIAN,1
MSW,Master of Social Work,207LP2900X,PAIN MEDICINE (ANESTHESIOLOGY) PHYSICIAN,1
MSW,Master of Social Work,207QA0505X,ADULT MEDICINE PHYSICIAN,1
MSW,Master of Social Work,207RA0401X,ADDICTION MEDICINE (INTERNAL MEDICINE) PHYSICIAN,1
MSW,Master of Social Work,207RC0000X,CARDIOVASCULAR DISEASE PHYSICIAN,1
MSW,Master of Social Work,207RI0200X,INFECTIOUS DISEASE PHYSICIAN,1
MSW,Master of Social Work,208000000X,PEDIATRICS PHYSICIAN,1
MSW,Master of Social Work,2080A0000X,PEDIATRIC ADOLESCENT MEDICINE PHYSICIAN,1
MSW,Master of Social Work,2083P0901X,PUBLIC HEALTH & GENERAL PREVENTIVE MEDICINE PHYSICIAN,1
MSW,Master of Social Work,2084P2900X,PAIN MEDICINE (PSYCHIATRY & NEUROLOGY) PHYSICIAN,1
MTH,Master of Theology,204C00000X,SPORTS MEDICINE (NEUROMUSCULOSKELETAL MEDICINE) PHYSICIAN,1
MTH,Master of Theology,2081N0008X,NEUROMUSCULAR MEDICINE (PHYSICAL MEDICINE & REHABILITATION) PHYSICIAN,1
