facetCredentialCode,facetCredentialName,chosenTaxonomyCode,chosenTaxonomyDescription,providerCount,should_use_tax,should_use_tax_description,match_strength,current_credential_name,corrected_credential_name
AA,Associate of Arts,207L00000X,ANESTHESIOLOGY PHYSICIAN,141,367H00000X,Anesthesiologist Assistant,3,Associate of Arts,Anesthesiologist Assistant
CAA,Certified Audiologist Assistant,207L00000X,ANESTHESIOLOGY PHYSICIAN,81,367H00000X,Anesthesiologist Assistant,3,Certified Audiologist Assistant,Certified Anesthesiologist Assistant
CSFA,Certified School Food Administrator,208600000X,SURGERY PHYSICIAN,75,246ZC0007X,Surgical Assistant,3,Certified School Food Administrator,Certified Surgical First Assistant
AA,Associate of Arts,207LP3000X,PEDIATRIC ANESTHESIOLOGY PHYSICIAN,30,367H00000X,Anesthesiologist Assistant,3,Associate of Arts,Anesthesiologist Assistant
CAA,Certified Audiologist Assistant,207LP3000X,PEDIATRIC ANESTHESIOLOGY PHYSICIAN,9,367H00000X,Anesthesiologist Assistant,3,Certified Audiologist Assistant,Certified Anesthesiologist Assistant
AA,Associate of Arts,207LC0200X,CRITICAL CARE MEDICINE (ANESTHESIOLOGY) PHYSICIAN,8,367H00000X,Anesthesiologist Assistant,3,Associate of Arts,Anesthesiologist Assistant
CSFA,Certified School Food Administrator,207X00000X,ORTHOPAEDIC SURGERY PHYSICIAN,5,246ZC0007X,Surgical Assistant,3,Certified School Food Administrator,Certified Surgical First Assistant
CAA,Certified Audiologist Assistant,207LC0200X,CRITICAL CARE MEDICINE (ANESTHESIOLOGY) PHYSICIAN,4,367H00000X,Anesthesiologist Assistant,3,Certified Audiologist Assistant,Certified Anesthesiologist Assistant
CSFA,Certified School Food Administrator,207T00000X,NEUROLOGICAL SURGERY PHYSICIAN,3,246ZC0007X,Surgical Assistant,3,Certified School Food Administrator,Certified Surgical First Assistant
CSFA,Certified School Food Administrator,208200000X,PLASTIC SURGERY PHYSICIAN,2,246ZC0007X,Surgical Assistant,3,Certified School Food Administrator,Certified Surgical First Assistant
CSFA,Certified School Food Administrator,2086S0129X,VASCULAR SURGERY PHYSICIAN,2,246ZC0007X,Surgical Assistant,3,Certified School Food Administrator,Certified Surgical First Assistant
CSFA,Certified School Food Administrator,208G00000X,THORACIC SURGERY (CARDIOTHORACIC VASCULAR SURGERY) PHYSICIAN,2,246ZC0007X,Surgical Assistant,3,Certified School Food Administrator,Certified Surgical First Assistant
CSFA,Certified School Food Administrator,207VF0040X,UROGYNECOLOGY AND RECONSTRUCTIVE PELVIC SURGERY (OBSTETRICS & GYNECOLOGY) PHYSICIAN,1,246ZC0007X,Surgical Assistant,3,Certified School Food Administrator,Certified Surgical First Assistant
CSFA,Certified School Food Administrator,2086S0120X,PEDIATRIC SURGERY PHYSICIAN,1,246ZC0007X,Surgical Assistant,3,Certified School Food Administrator,Certified Surgical First Assistant
CSFA,Certified School Food Administrator,2086S0122X,PLASTIC AND RECONSTRUCTIVE SURGERY PHYSICIAN,1,246ZC0007X,Surgical Assistant,3,Certified School Food Administrator,Certified Surgical First Assistant
CSFA,Certified School Food Administrator,2086S0127X,TRAUMA SURGERY PHYSICIAN,1,246ZC0007X,Surgical Assistant,3,Certified School Food Administrator,Certified Surgical First Assistant
