"﻿""facetCredentialCode""",facetCredentialName,chosenTaxonomyCode,chosenTaxonomyDescription,providerCount
CRNA,Certified Registered Nurse Anesthetist,207L00000X,ANESTHESIOLOGY PHYSICIAN,2171
CNA,Certified Nursing Assistant,207L00000X,ANESTHESIOLOGY PHYSICIAN,646
CNM,Certified Nurse Midwife,207V00000X,OBSTETRICS & GYNECOLOGY PHYSICIAN,344
DNP,Doctor of Nursing Practice,207Q00000X,FAMILY MEDICINE PHYSICIAN,333
MSN,Master of Science in Nursing,207Q00000X,FAMILY MEDICINE PHYSICIAN,320
RN,Registered Nurse,207Q00000X,FAMILY MEDICINE PHYSICIAN,192
APN,Advanced Practice Nurse,207Q00000X,FAMILY MEDICINE PHYSICIAN,143
RN,Registered Nurse,2084P0800X,PSYCHIATRY PHYSICIAN,109
NURSE,Nurse,207Q00000X,FAMILY MEDICINE PHYSICIAN,105
RN,Registered Nurse,208000000X,PEDIATRICS PHYSICIAN,88
DNP,Doctor of Nursing Practice,207L00000X,ANESTHESIOLOGY PHYSICIAN,85
DNP,Doctor of Nursing Practice,2084P0800X,PSYCHIATRY PHYSICIAN,84
DNP,Doctor of Nursing Practice,208000000X,PEDIATRICS PHYSICIAN,77
MSN,Master of Science in Nursing,208000000X,PEDIATRICS PHYSICIAN,71
RN,Registered Nurse,207R00000X,INTERNAL MEDICINE PHYSICIAN,68
RN,Registered Nurse,2083P0901X,PUBLIC HEALTH & GENERAL PREVENTIVE MEDICINE PHYSICIAN,67
MSN,Master of Science in Nursing,2084P0800X,PSYCHIATRY PHYSICIAN,63
CNM,Certified Nurse Midwife,207VX0000X,OBSTETRICS PHYSICIAN,57
RN,Registered Nurse,207L00000X,ANESTHESIOLOGY PHYSICIAN,53
APN,Advanced Practice Nurse,2084P0800X,PSYCHIATRY PHYSICIAN,52
DNP,Doctor of Nursing Practice,207R00000X,INTERNAL MEDICINE PHYSICIAN,47
RN,Registered Nurse,208D00000X,GENERAL PRACTICE PHYSICIAN,44
MSN,Master of Science in Nursing,207R00000X,INTERNAL MEDICINE PHYSICIAN,39
RN,Registered Nurse,207V00000X,OBSTETRICS & GYNECOLOGY PHYSICIAN,39
DNP,Doctor of Nursing Practice,207V00000X,OBSTETRICS & GYNECOLOGY PHYSICIAN,38
APN,Advanced Practice Nurse,208000000X,PEDIATRICS PHYSICIAN,35
DNP,Doctor of Nursing Practice,207P00000X,EMERGENCY MEDICINE PHYSICIAN,30
DNP,Doctor of Nursing Practice,207QA0505X,ADULT MEDICINE PHYSICIAN,30
CRNA,Certified Registered Nurse Anesthetist,207LP3000X,PEDIATRIC ANESTHESIOLOGY PHYSICIAN,28
MSN,Master of Science in Nursing,207V00000X,OBSTETRICS & GYNECOLOGY PHYSICIAN,28
APN,Advanced Practice Nurse,207R00000X,INTERNAL MEDICINE PHYSICIAN,27
CNS,Certified Nurse Specialist,2084P0800X,PSYCHIATRY PHYSICIAN,27
MSN,Master of Science in Nursing,207QA0505X,ADULT MEDICINE PHYSICIAN,26
CRNA,Certified Registered Nurse Anesthetist,207LP2900X,PAIN MEDICINE (ANESTHESIOLOGY) PHYSICIAN,24
MSN,Master of Science in Nursing,208D00000X,GENERAL PRACTICE PHYSICIAN,24
DNP,Doctor of Nursing Practice,208M00000X,HOSPITALIST PHYSICIAN,23
RN,Registered Nurse,207RC0000X,CARDIOVASCULAR DISEASE PHYSICIAN,22
RN,Registered Nurse,208600000X,SURGERY PHYSICIAN,22
RN,Registered Nurse,207QA0505X,ADULT MEDICINE PHYSICIAN,21
RN,Registered Nurse,207P00000X,EMERGENCY MEDICINE PHYSICIAN,20
DNP,Doctor of Nursing Practice,207N00000X,DERMATOLOGY PHYSICIAN,19
NURSE,Nurse,207R00000X,INTERNAL MEDICINE PHYSICIAN,19
APN,Advanced Practice Nurse,207V00000X,OBSTETRICS & GYNECOLOGY PHYSICIAN,18
BSN,Bachelor of Science in Nursing,207Q00000X,FAMILY MEDICINE PHYSICIAN,18
CRNA,Certified Registered Nurse Anesthetist,207LC0200X,CRITICAL CARE MEDICINE (ANESTHESIOLOGY) PHYSICIAN,18
LPN,Licensed Practical Nurse,207Q00000X,FAMILY MEDICINE PHYSICIAN,18
CNM,Certified Nurse Midwife,207Q00000X,FAMILY MEDICINE PHYSICIAN,17
RNFA,Registered Nurse First Assistant,208600000X,SURGERY PHYSICIAN,17
MSN,Master of Science in Nursing,207RC0000X,CARDIOVASCULAR DISEASE PHYSICIAN,16
MSN,Master of Science in Nursing,207RG0100X,GASTROENTEROLOGY PHYSICIAN,16
MSN,Master of Science in Nursing,2080N0001X,NEONATAL-PERINATAL MEDICINE PHYSICIAN,16
NURSE,Nurse,208000000X,PEDIATRICS PHYSICIAN,16
RN,Registered Nurse,207PE0004X,EMERGENCY MEDICAL SERVICES (EMERGENCY MEDICINE) PHYSICIAN,16
DNP,Doctor of Nursing Practice,207RC0000X,CARDIOVASCULAR DISEASE PHYSICIAN,15
DNP,Doctor of Nursing Practice,208D00000X,GENERAL PRACTICE PHYSICIAN,15
MSN,Master of Science in Nursing,207L00000X,ANESTHESIOLOGY PHYSICIAN,15
NURSE,Nurse,207QA0505X,ADULT MEDICINE PHYSICIAN,15
CNM,Certified Nurse Midwife,207VG0400X,GYNECOLOGY PHYSICIAN,14
LPN,Licensed Practical Nurse,208D00000X,GENERAL PRACTICE PHYSICIAN,14
MSN,Master of Science in Nursing,207P00000X,EMERGENCY MEDICINE PHYSICIAN,14
MSN,Master of Science in Nursing,208M00000X,HOSPITALIST PHYSICIAN,14
RN,Registered Nurse,207RE0101X,"ENDOCRINOLOGY, DIABETES & METABOLISM PHYSICIAN",14
RN,Registered Nurse,207RH0003X,HEMATOLOGY & ONCOLOGY PHYSICIAN,14
CRNA,Certified Registered Nurse Anesthetist,207Q00000X,FAMILY MEDICINE PHYSICIAN,13
MSN,Master of Science in Nursing,207RH0003X,HEMATOLOGY & ONCOLOGY PHYSICIAN,13
APN,Advanced Practice Nurse,207QA0505X,ADULT MEDICINE PHYSICIAN,12
APN,Advanced Practice Nurse,208M00000X,HOSPITALIST PHYSICIAN,12
CNA,Certified Nursing Assistant,207LP2900X,PAIN MEDICINE (ANESTHESIOLOGY) PHYSICIAN,12
CRNA,Certified Registered Nurse Anesthetist,208VP0014X,INTERVENTIONAL PAIN MEDICINE PHYSICIAN,12
DNP,Doctor of Nursing Practice,207RH0003X,HEMATOLOGY & ONCOLOGY PHYSICIAN,12
RN,Registered Nurse,207RN0300X,NEPHROLOGY PHYSICIAN,12
RN,Registered Nurse,207RX0202X,MEDICAL ONCOLOGY PHYSICIAN,12
RN,Registered Nurse,207VX0000X,OBSTETRICS PHYSICIAN,12
RN,Registered Nurse,2084N0400X,NEUROLOGY PHYSICIAN,12
APN,Advanced Practice Nurse,207RC0000X,CARDIOVASCULAR DISEASE PHYSICIAN,11
DNP,Doctor of Nursing Practice,208600000X,SURGERY PHYSICIAN,11
RN,Registered Nurse,207QG0300X,GERIATRIC MEDICINE (FAMILY MEDICINE) PHYSICIAN,11
RN,Registered Nurse,2080N0001X,NEONATAL-PERINATAL MEDICINE PHYSICIAN,11
APN,Advanced Practice Nurse,207P00000X,EMERGENCY MEDICINE PHYSICIAN,10
BSN,Bachelor of Science in Nursing,208000000X,PEDIATRICS PHYSICIAN,10
BSN,Bachelor of Science in Nursing,2083P0901X,PUBLIC HEALTH & GENERAL PREVENTIVE MEDICINE PHYSICIAN,10
CNM,Certified Nurse Midwife,2084P0800X,PSYCHIATRY PHYSICIAN,10
MSN,Master of Science in Nursing,207N00000X,DERMATOLOGY PHYSICIAN,10
MSN,Master of Science in Nursing,207QG0300X,GERIATRIC MEDICINE (FAMILY MEDICINE) PHYSICIAN,10
MSN,Master of Science in Nursing,2084N0400X,NEUROLOGY PHYSICIAN,10
NURSE,Nurse,2084P0800X,PSYCHIATRY PHYSICIAN,10
RN,Registered Nurse,207RG0300X,GERIATRIC MEDICINE (INTERNAL MEDICINE) PHYSICIAN,10
RN,Registered Nurse,2083X0100X,OCCUPATIONAL MEDICINE PHYSICIAN,10
BSN,Bachelor of Science in Nursing,207L00000X,ANESTHESIOLOGY PHYSICIAN,9
BSN,Bachelor of Science in Nursing,2084P0800X,PSYCHIATRY PHYSICIAN,9
CRNA,Certified Registered Nurse Anesthetist,207R00000X,INTERNAL MEDICINE PHYSICIAN,9
DNP,Doctor of Nursing Practice,2080P0203X,PEDIATRIC CRITICAL CARE MEDICINE PHYSICIAN,9
DNP,Doctor of Nursing Practice,2083P0901X,PUBLIC HEALTH & GENERAL PREVENTIVE MEDICINE PHYSICIAN,9
MSN,Master of Science in Nursing,207RE0101X,"ENDOCRINOLOGY, DIABETES & METABOLISM PHYSICIAN",9
MSN,Master of Science in Nursing,208100000X,PHYSICAL MEDICINE & REHABILITATION PHYSICIAN,9
RN,Registered Nurse,207RG0100X,GASTROENTEROLOGY PHYSICIAN,9
RN,Registered Nurse,2084P0804X,CHILD & ADOLESCENT PSYCHIATRY PHYSICIAN,9
APN,Advanced Practice Nurse,207RN0300X,NEPHROLOGY PHYSICIAN,8
APN,Advanced Practice Nurse,2084N0400X,NEUROLOGY PHYSICIAN,8
BSN,Bachelor of Science in Nursing,207R00000X,INTERNAL MEDICINE PHYSICIAN,8
BSN,Bachelor of Science in Nursing,208D00000X,GENERAL PRACTICE PHYSICIAN,8
CNS,Certified Nurse Specialist,207R00000X,INTERNAL MEDICINE PHYSICIAN,8
CNS,Certified Nurse Specialist,207RC0000X,CARDIOVASCULAR DISEASE PHYSICIAN,8
DNP,Doctor of Nursing Practice,207RH0002X,HOSPICE AND PALLIATIVE MEDICINE (INTERNAL MEDICINE) PHYSICIAN,8
DNP,Doctor of Nursing Practice,2080N0001X,NEONATAL-PERINATAL MEDICINE PHYSICIAN,8
DNP,Doctor of Nursing Practice,2080P0207X,PEDIATRIC HEMATOLOGY & ONCOLOGY PHYSICIAN,8
DNP,Doctor of Nursing Practice,2084P0804X,CHILD & ADOLESCENT PSYCHIATRY PHYSICIAN,8
DNP,Doctor of Nursing Practice,208VP0014X,INTERVENTIONAL PAIN MEDICINE PHYSICIAN,8
MSN,Master of Science in Nursing,2080P0203X,PEDIATRIC CRITICAL CARE MEDICINE PHYSICIAN,8
MSN,Master of Science in Nursing,208600000X,SURGERY PHYSICIAN,8
MSN,Master of Science in Nursing,208VP0000X,PAIN MEDICINE PHYSICIAN,8
NURSE,Nurse,207V00000X,OBSTETRICS & GYNECOLOGY PHYSICIAN,8
RN,Registered Nurse,207N00000X,DERMATOLOGY PHYSICIAN,8
RN,Registered Nurse,207RC0200X,CRITICAL CARE MEDICINE (INTERNAL MEDICINE) PHYSICIAN,8
RN,Registered Nurse,207X00000X,ORTHOPAEDIC SURGERY PHYSICIAN,8
APN,Advanced Practice Nurse,207RI0011X,INTERVENTIONAL CARDIOLOGY PHYSICIAN,7
APN,Advanced Practice Nurse,207VG0400X,GYNECOLOGY PHYSICIAN,7
CNA,Certified Nursing Assistant,208VP0014X,INTERVENTIONAL PAIN MEDICINE PHYSICIAN,7
DNP,Doctor of Nursing Practice,207QH0002X,HOSPICE AND PALLIATIVE MEDICINE (FAMILY MEDICINE) PHYSICIAN,7
DNP,Doctor of Nursing Practice,208800000X,UROLOGY PHYSICIAN,7
LPN,Licensed Practical Nurse,207QA0401X,ADDICTION MEDICINE (FAMILY MEDICINE) PHYSICIAN,7
LPN,Licensed Practical Nurse,208000000X,PEDIATRICS PHYSICIAN,7
MSN,Master of Science in Nursing,207QH0002X,HOSPICE AND PALLIATIVE MEDICINE (FAMILY MEDICINE) PHYSICIAN,7
MSN,Master of Science in Nursing,207X00000X,ORTHOPAEDIC SURGERY PHYSICIAN,7
MSN,Master of Science in Nursing,208VP0014X,INTERVENTIONAL PAIN MEDICINE PHYSICIAN,7
RN,Registered Nurse,202D00000X,INTEGRATIVE MEDICINE PHYSICIAN,7
RN,Registered Nurse,208100000X,PHYSICAL MEDICINE & REHABILITATION PHYSICIAN,7
RN,Registered Nurse,2083P0500X,PREVENTIVE MEDICINE/OCCUPATIONAL ENVIRONMENTAL MEDICINE PHYSICIAN,7
RN,Registered Nurse,208800000X,UROLOGY PHYSICIAN,7
APN,Advanced Practice Nurse,207QG0300X,GERIATRIC MEDICINE (FAMILY MEDICINE) PHYSICIAN,6
APN,Advanced Practice Nurse,208VP0014X,INTERVENTIONAL PAIN MEDICINE PHYSICIAN,6
CNS,Certified Nurse Specialist,207Q00000X,FAMILY MEDICINE PHYSICIAN,6
CNS,Certified Nurse Specialist,2084N0400X,NEUROLOGY PHYSICIAN,6
DNP,Doctor of Nursing Practice,207QG0300X,GERIATRIC MEDICINE (FAMILY MEDICINE) PHYSICIAN,6
DNP,Doctor of Nursing Practice,207RC0200X,CRITICAL CARE MEDICINE (INTERNAL MEDICINE) PHYSICIAN,6
DNP,Doctor of Nursing Practice,207RG0300X,GERIATRIC MEDICINE (INTERNAL MEDICINE) PHYSICIAN,6
DNP,Doctor of Nursing Practice,207RI0011X,INTERVENTIONAL CARDIOLOGY PHYSICIAN,6
DNP,Doctor of Nursing Practice,207RP1001X,PULMONARY DISEASE PHYSICIAN,6
DNP,Doctor of Nursing Practice,207RX0202X,MEDICAL ONCOLOGY PHYSICIAN,6
DNP,Doctor of Nursing Practice,207T00000X,NEUROLOGICAL SURGERY PHYSICIAN,6
DNP,Doctor of Nursing Practice,207X00000X,ORTHOPAEDIC SURGERY PHYSICIAN,6
DNP,Doctor of Nursing Practice,2080P0202X,PEDIATRIC CARDIOLOGY PHYSICIAN,6
LPN,Licensed Practical Nurse,207R00000X,INTERNAL MEDICINE PHYSICIAN,6
MSN,Master of Science in Nursing,207QA0401X,ADDICTION MEDICINE (FAMILY MEDICINE) PHYSICIAN,6
MSN,Master of Science in Nursing,207RN0300X,NEPHROLOGY PHYSICIAN,6
MSN,Master of Science in Nursing,2083P0901X,PUBLIC HEALTH & GENERAL PREVENTIVE MEDICINE PHYSICIAN,6
NURSE,Nurse,208VP0000X,PAIN MEDICINE PHYSICIAN,6
RN,Registered Nurse,207VG0400X,GYNECOLOGY PHYSICIAN,6
RN,Registered Nurse,208200000X,PLASTIC SURGERY PHYSICIAN,6
RN,Registered Nurse,2084P0802X,ADDICTION PSYCHIATRY PHYSICIAN,6
RN,Registered Nurse,2086S0122X,PLASTIC AND RECONSTRUCTIVE SURGERY PHYSICIAN,6
RN,Registered Nurse,208G00000X,THORACIC SURGERY (CARDIOTHORACIC VASCULAR SURGERY) PHYSICIAN,6
RN,Registered Nurse,208M00000X,HOSPITALIST PHYSICIAN,6
RN,Registered Nurse,208VP0000X,PAIN MEDICINE PHYSICIAN,6
RN,Registered Nurse,208VP0014X,INTERVENTIONAL PAIN MEDICINE PHYSICIAN,6
RNFA,Registered Nurse First Assistant,207R00000X,INTERNAL MEDICINE PHYSICIAN,6
APN,Advanced Practice Nurse,207RE0101X,"ENDOCRINOLOGY, DIABETES & METABOLISM PHYSICIAN",5
APN,Advanced Practice Nurse,207RI0200X,INFECTIOUS DISEASE PHYSICIAN,5
APN,Advanced Practice Nurse,207X00000X,ORTHOPAEDIC SURGERY PHYSICIAN,5
APN,Advanced Practice Nurse,2080P0214X,PEDIATRIC PULMONOLOGY PHYSICIAN,5
APN,Advanced Practice Nurse,2084P0804X,CHILD & ADOLESCENT PSYCHIATRY PHYSICIAN,5
APN,Advanced Practice Nurse,208D00000X,GENERAL PRACTICE PHYSICIAN,5
BSN,Bachelor of Science in Nursing,207V00000X,OBSTETRICS & GYNECOLOGY PHYSICIAN,5
CNOR,Certified Perioperative Nurse,208600000X,SURGERY PHYSICIAN,5
CNS,Certified Nurse Specialist,207RE0101X,"ENDOCRINOLOGY, DIABETES & METABOLISM PHYSICIAN",5
DNP,Doctor of Nursing Practice,207QA0401X,ADDICTION MEDICINE (FAMILY MEDICINE) PHYSICIAN,5
DNP,Doctor of Nursing Practice,207RE0101X,"ENDOCRINOLOGY, DIABETES & METABOLISM PHYSICIAN",5
DNP,Doctor of Nursing Practice,2080P0006X,DEVELOPMENTAL - BEHAVIORAL PEDIATRICS PHYSICIAN,5
DNP,Doctor of Nursing Practice,2084N0400X,NEUROLOGY PHYSICIAN,5
DNP,Doctor of Nursing Practice,208VP0000X,PAIN MEDICINE PHYSICIAN,5
LVN,Licensed Vocational Nurse,208000000X,PEDIATRICS PHYSICIAN,5
MSN,Master of Science in Nursing,204F00000X,TRANSPLANT SURGERY PHYSICIAN,5
MSN,Master of Science in Nursing,207RI0200X,INFECTIOUS DISEASE PHYSICIAN,5
MSN,Master of Science in Nursing,207VG0400X,GYNECOLOGY PHYSICIAN,5
MSN,Master of Science in Nursing,207VX0000X,OBSTETRICS PHYSICIAN,5
MSN,Master of Science in Nursing,2080P0207X,PEDIATRIC HEMATOLOGY & ONCOLOGY PHYSICIAN,5
MSN,Master of Science in Nursing,2084A0401X,ADDICTION MEDICINE (PSYCHIATRY & NEUROLOGY) PHYSICIAN,5
MSN,Master of Science in Nursing,2084P0804X,CHILD & ADOLESCENT PSYCHIATRY PHYSICIAN,5
MSN,Master of Science in Nursing,2086S0120X,PEDIATRIC SURGERY PHYSICIAN,5
MSN,Master of Science in Nursing,208800000X,UROLOGY PHYSICIAN,5
RN,Registered Nurse,207LP2900X,PAIN MEDICINE (ANESTHESIOLOGY) PHYSICIAN,5
RN,Registered Nurse,207RR0500X,RHEUMATOLOGY PHYSICIAN,5
RN,Registered Nurse,207T00000X,NEUROLOGICAL SURGERY PHYSICIAN,5
RN,Registered Nurse,2080P0006X,DEVELOPMENTAL - BEHAVIORAL PEDIATRICS PHYSICIAN,5
RN,Registered Nurse,2080P0204X,PEDIATRIC EMERGENCY MEDICINE (PEDIATRICS) PHYSICIAN,5
RN,Registered Nurse,2080P0207X,PEDIATRIC HEMATOLOGY & ONCOLOGY PHYSICIAN,5
RN,Registered Nurse,2084A0401X,ADDICTION MEDICINE (PSYCHIATRY & NEUROLOGY) PHYSICIAN,5
RN,Registered Nurse,2084B0040X,BEHAVIORAL NEUROLOGY & NEUROPSYCHIATRY PHYSICIAN,5
RN,Registered Nurse,2084N0402X,NEUROLOGY WITH SPECIAL QUALIFICATIONS IN CHILD NEUROLOGY PHYSICIAN,5
RN,Registered Nurse,2085R0204X,VASCULAR & INTERVENTIONAL RADIOLOGY PHYSICIAN,5
APN,Advanced Practice Nurse,207N00000X,DERMATOLOGY PHYSICIAN,4
APN,Advanced Practice Nurse,207QH0002X,HOSPICE AND PALLIATIVE MEDICINE (FAMILY MEDICINE) PHYSICIAN,4
APN,Advanced Practice Nurse,207Y00000X,OTOLARYNGOLOGY PHYSICIAN,4
APN,Advanced Practice Nurse,2084N0402X,NEUROLOGY WITH SPECIAL QUALIFICATIONS IN CHILD NEUROLOGY PHYSICIAN,4
APN,Advanced Practice Nurse,208600000X,SURGERY PHYSICIAN,4
APN,Advanced Practice Nurse,208800000X,UROLOGY PHYSICIAN,4
APN,Advanced Practice Nurse,208VP0000X,PAIN MEDICINE PHYSICIAN,4
BSN,Bachelor of Science in Nursing,207QA0505X,ADULT MEDICINE PHYSICIAN,4
CNA,Certified Nursing Assistant,207R00000X,INTERNAL MEDICINE PHYSICIAN,4
CRNA,Certified Registered Nurse Anesthetist,2084P0804X,CHILD & ADOLESCENT PSYCHIATRY PHYSICIAN,4
DNP,Doctor of Nursing Practice,207RG0100X,GASTROENTEROLOGY PHYSICIAN,4
DNP,Doctor of Nursing Practice,207RI0200X,INFECTIOUS DISEASE PHYSICIAN,4
DNP,Doctor of Nursing Practice,207RN0300X,NEPHROLOGY PHYSICIAN,4
DNP,Doctor of Nursing Practice,208100000X,PHYSICAL MEDICINE & REHABILITATION PHYSICIAN,4
DNP,Doctor of Nursing Practice,2083P0011X,UNDERSEA AND HYPERBARIC MEDICINE (PREVENTIVE MEDICINE) PHYSICIAN,4
DNP,Doctor of Nursing Practice,2084A0401X,ADDICTION MEDICINE (PSYCHIATRY & NEUROLOGY) PHYSICIAN,4
DNP,Doctor of Nursing Practice,2084B0040X,BEHAVIORAL NEUROLOGY & NEUROPSYCHIATRY PHYSICIAN,4
DNP,Doctor of Nursing Practice,2084P0802X,ADDICTION PSYCHIATRY PHYSICIAN,4
DNP,Doctor of Nursing Practice,2086X0206X,SURGICAL ONCOLOGY PHYSICIAN,4
LPN,Licensed Practical Nurse,2084P0800X,PSYCHIATRY PHYSICIAN,4
MSN,Master of Science in Nursing,207PE0004X,EMERGENCY MEDICAL SERVICES (EMERGENCY MEDICINE) PHYSICIAN,4
MSN,Master of Science in Nursing,2080P0206X,PEDIATRIC GASTROENTEROLOGY PHYSICIAN,4
MSN,Master of Science in Nursing,208G00000X,THORACIC SURGERY (CARDIOTHORACIC VASCULAR SURGERY) PHYSICIAN,4
NURSE,Nurse,207PE0004X,EMERGENCY MEDICAL SERVICES (EMERGENCY MEDICINE) PHYSICIAN,4
NURSE,Nurse,207QG0300X,GERIATRIC MEDICINE (FAMILY MEDICINE) PHYSICIAN,4
NURSE,Nurse,207RC0000X,CARDIOVASCULAR DISEASE PHYSICIAN,4
NURSE,Nurse,208M00000X,HOSPITALIST PHYSICIAN,4
RN,Registered Nurse,207K00000X,ALLERGY & IMMUNOLOGY PHYSICIAN,4
RN,Registered Nurse,207QH0002X,HOSPICE AND PALLIATIVE MEDICINE (FAMILY MEDICINE) PHYSICIAN,4
RN,Registered Nurse,207RH0002X,HOSPICE AND PALLIATIVE MEDICINE (INTERNAL MEDICINE) PHYSICIAN,4
RN,Registered Nurse,207RI0200X,INFECTIOUS DISEASE PHYSICIAN,4
RN,Registered Nurse,207VE0102X,REPRODUCTIVE ENDOCRINOLOGY PHYSICIAN,4
RN,Registered Nurse,2080A0000X,PEDIATRIC ADOLESCENT MEDICINE PHYSICIAN,4
RN,Registered Nurse,2080P0203X,PEDIATRIC CRITICAL CARE MEDICINE PHYSICIAN,4
RN,Registered Nurse,2086S0102X,SURGICAL CRITICAL CARE PHYSICIAN,4
RN,Registered Nurse,2086S0127X,TRAUMA SURGERY PHYSICIAN,4
RN,Registered Nurse,2086S0129X,VASCULAR SURGERY PHYSICIAN,4
RNFA,Registered Nurse First Assistant,207X00000X,ORTHOPAEDIC SURGERY PHYSICIAN,4
ACNS-BC,Adult Health Clinical Nurse Specialist,207RC0000X,CARDIOVASCULAR DISEASE PHYSICIAN,3
ACNS-BC,Adult Health Clinical Nurse Specialist,208VP0000X,PAIN MEDICINE PHYSICIAN,3
APN,Advanced Practice Nurse,207K00000X,ALLERGY & IMMUNOLOGY PHYSICIAN,3
APN,Advanced Practice Nurse,207RG0100X,GASTROENTEROLOGY PHYSICIAN,3
APN,Advanced Practice Nurse,207RG0300X,GERIATRIC MEDICINE (INTERNAL MEDICINE) PHYSICIAN,3
APN,Advanced Practice Nurse,207RH0002X,HOSPICE AND PALLIATIVE MEDICINE (INTERNAL MEDICINE) PHYSICIAN,3
APN,Advanced Practice Nurse,207RH0003X,HEMATOLOGY & ONCOLOGY PHYSICIAN,3
APN,Advanced Practice Nurse,207RP1001X,PULMONARY DISEASE PHYSICIAN,3
APN,Advanced Practice Nurse,2080P0201X,PEDIATRIC ALLERGY/IMMUNOLOGY PHYSICIAN,3
APN,Advanced Practice Nurse,208100000X,PHYSICAL MEDICINE & REHABILITATION PHYSICIAN,3
APN,Advanced Practice Nurse,208G00000X,THORACIC SURGERY (CARDIOTHORACIC VASCULAR SURGERY) PHYSICIAN,3
BSN,Bachelor of Science in Nursing,2085R0204X,VASCULAR & INTERVENTIONAL RADIOLOGY PHYSICIAN,3
BSN,Bachelor of Science in Nursing,208600000X,SURGERY PHYSICIAN,3
BSN,Bachelor of Science in Nursing,208M00000X,HOSPITALIST PHYSICIAN,3
CNA,Certified Nursing Assistant,207Q00000X,FAMILY MEDICINE PHYSICIAN,3
CNM,Certified Nurse Midwife,207VM0101X,MATERNAL & FETAL MEDICINE PHYSICIAN,3
CNM,Certified Nurse Midwife,208D00000X,GENERAL PRACTICE PHYSICIAN,3
CNM,Certified Nurse Midwife,208M00000X,HOSPITALIST PHYSICIAN,3
CNS,Certified Nurse Specialist,207P00000X,EMERGENCY MEDICINE PHYSICIAN,3
CNS,Certified Nurse Specialist,207RG0100X,GASTROENTEROLOGY PHYSICIAN,3
CNS,Certified Nurse Specialist,207RH0002X,HOSPICE AND PALLIATIVE MEDICINE (INTERNAL MEDICINE) PHYSICIAN,3
CNS,Certified Nurse Specialist,207RN0300X,NEPHROLOGY PHYSICIAN,3
CNS,Certified Nurse Specialist,208000000X,PEDIATRICS PHYSICIAN,3
CRNA,Certified Registered Nurse Anesthetist,2084P0800X,PSYCHIATRY PHYSICIAN,3
CRNFA,Certified Registered Nurse First Assistant,207R00000X,INTERNAL MEDICINE PHYSICIAN,3
DNP,Doctor of Nursing Practice,207LP3000X,PEDIATRIC ANESTHESIOLOGY PHYSICIAN,3
DNP,Doctor of Nursing Practice,207QB0002X,OBESITY MEDICINE (FAMILY MEDICINE) PHYSICIAN,3
DNP,Doctor of Nursing Practice,207VG0400X,GYNECOLOGY PHYSICIAN,3
DNP,Doctor of Nursing Practice,2080C0008X,CHILD ABUSE PEDIATRICS PHYSICIAN,3
DNP,Doctor of Nursing Practice,2080P0204X,PEDIATRIC EMERGENCY MEDICINE (PEDIATRICS) PHYSICIAN,3
DNP,Doctor of Nursing Practice,208200000X,PLASTIC SURGERY PHYSICIAN,3
DNP,Doctor of Nursing Practice,2085R0001X,RADIATION ONCOLOGY PHYSICIAN,3
DNP,Doctor of Nursing Practice,2086S0127X,TRAUMA SURGERY PHYSICIAN,3
DNP,Doctor of Nursing Practice,2086S0129X,VASCULAR SURGERY PHYSICIAN,3
LPN,Licensed Practical Nurse,202C00000X,INDEPENDENT MEDICAL EXAMINER PHYSICIAN,3
LPN,Licensed Practical Nurse,207QG0300X,GERIATRIC MEDICINE (FAMILY MEDICINE) PHYSICIAN,3
LPN,Licensed Practical Nurse,2083A0300X,ADDICTION MEDICINE (PREVENTIVE MEDICINE) PHYSICIAN,3
LPN,Licensed Practical Nurse,2083X0100X,OCCUPATIONAL MEDICINE PHYSICIAN,3
LPN,Licensed Practical Nurse,208600000X,SURGERY PHYSICIAN,3
MSN,Master of Science in Nursing,207LC0200X,CRITICAL CARE MEDICINE (ANESTHESIOLOGY) PHYSICIAN,3
MSN,Master of Science in Nursing,207LP2900X,PAIN MEDICINE (ANESTHESIOLOGY) PHYSICIAN,3
MSN,Master of Science in Nursing,207RA0001X,ADVANCED HEART FAILURE AND TRANSPLANT CARDIOLOGY PHYSICIAN,3
MSN,Master of Science in Nursing,207RH0002X,HOSPICE AND PALLIATIVE MEDICINE (INTERNAL MEDICINE) PHYSICIAN,3
MSN,Master of Science in Nursing,207RI0011X,INTERVENTIONAL CARDIOLOGY PHYSICIAN,3
MSN,Master of Science in Nursing,207RP1001X,PULMONARY DISEASE PHYSICIAN,3
MSN,Master of Science in Nursing,207VM0101X,MATERNAL & FETAL MEDICINE PHYSICIAN,3
MSN,Master of Science in Nursing,2080P0006X,DEVELOPMENTAL - BEHAVIORAL PEDIATRICS PHYSICIAN,3
MSN,Master of Science in Nursing,2080P0214X,PEDIATRIC PULMONOLOGY PHYSICIAN,3
MSN,Master of Science in Nursing,208200000X,PLASTIC SURGERY PHYSICIAN,3
NURSE,Nurse,207K00000X,ALLERGY & IMMUNOLOGY PHYSICIAN,3
NURSE,Nurse,207QS1201X,SLEEP MEDICINE (FAMILY MEDICINE) PHYSICIAN,3
NURSE,Nurse,207RC0200X,CRITICAL CARE MEDICINE (INTERNAL MEDICINE) PHYSICIAN,3
NURSE,Nurse,2080A0000X,PEDIATRIC ADOLESCENT MEDICINE PHYSICIAN,3
NURSE,Nurse,208800000X,UROLOGY PHYSICIAN,3
NURSE,Nurse,208D00000X,GENERAL PRACTICE PHYSICIAN,3
OCN,Oncology Certified Nurse,207RX0202X,MEDICAL ONCOLOGY PHYSICIAN,3
RN,Registered Nurse,202C00000X,INDEPENDENT MEDICAL EXAMINER PHYSICIAN,3
RN,Registered Nurse,207NS0135X,PROCEDURAL DERMATOLOGY PHYSICIAN,3
RN,Registered Nurse,207QA0401X,ADDICTION MEDICINE (FAMILY MEDICINE) PHYSICIAN,3
RN,Registered Nurse,207RA0401X,ADDICTION MEDICINE (INTERNAL MEDICINE) PHYSICIAN,3
RN,Registered Nurse,207RP1001X,PULMONARY DISEASE PHYSICIAN,3
RN,Registered Nurse,207VM0101X,MATERNAL & FETAL MEDICINE PHYSICIAN,3
RN,Registered Nurse,207Y00000X,OTOLARYNGOLOGY PHYSICIAN,3
RN,Registered Nurse,2080P0205X,PEDIATRIC ENDOCRINOLOGY PHYSICIAN,3
RN,Registered Nurse,2080P0214X,PEDIATRIC PULMONOLOGY PHYSICIAN,3
ACNS-BC,Adult Health Clinical Nurse Specialist,207Q00000X,FAMILY MEDICINE PHYSICIAN,2
AGCNS-BC,Adult-Gerontology Clinical Nurse Specialist,207RN0300X,NEPHROLOGY PHYSICIAN,2
APN,Advanced Practice Nurse,202D00000X,INTEGRATIVE MEDICINE PHYSICIAN,2
APN,Advanced Practice Nurse,207L00000X,ANESTHESIOLOGY PHYSICIAN,2
APN,Advanced Practice Nurse,207PE0004X,EMERGENCY MEDICAL SERVICES (EMERGENCY MEDICINE) PHYSICIAN,2
APN,Advanced Practice Nurse,207QA0401X,ADDICTION MEDICINE (FAMILY MEDICINE) PHYSICIAN,2
APN,Advanced Practice Nurse,207RC0001X,CLINICAL CARDIAC ELECTROPHYSIOLOGY PHYSICIAN,2
APN,Advanced Practice Nurse,207RC0200X,CRITICAL CARE MEDICINE (INTERNAL MEDICINE) PHYSICIAN,2
APN,Advanced Practice Nurse,207RR0500X,RHEUMATOLOGY PHYSICIAN,2
APN,Advanced Practice Nurse,207RX0202X,MEDICAL ONCOLOGY PHYSICIAN,2
APN,Advanced Practice Nurse,207T00000X,NEUROLOGICAL SURGERY PHYSICIAN,2
APN,Advanced Practice Nurse,2080P0006X,DEVELOPMENTAL - BEHAVIORAL PEDIATRICS PHYSICIAN,2
APN,Advanced Practice Nurse,2084P0802X,ADDICTION PSYCHIATRY PHYSICIAN,2
APN,Advanced Practice Nurse,2084P0805X,GERIATRIC PSYCHIATRY PHYSICIAN,2
APN,Advanced Practice Nurse,2085R0202X,DIAGNOSTIC RADIOLOGY PHYSICIAN,2
BSN,Bachelor of Science in Nursing,207LP2900X,PAIN MEDICINE (ANESTHESIOLOGY) PHYSICIAN,2
BSN,Bachelor of Science in Nursing,207PE0004X,EMERGENCY MEDICAL SERVICES (EMERGENCY MEDICINE) PHYSICIAN,2
BSN,Bachelor of Science in Nursing,207RE0101X,"ENDOCRINOLOGY, DIABETES & METABOLISM PHYSICIAN",2
BSN,Bachelor of Science in Nursing,207RG0300X,GERIATRIC MEDICINE (INTERNAL MEDICINE) PHYSICIAN,2
BSN,Bachelor of Science in Nursing,207RX0202X,MEDICAL ONCOLOGY PHYSICIAN,2
BSN,Bachelor of Science in Nursing,2080A0000X,PEDIATRIC ADOLESCENT MEDICINE PHYSICIAN,2
BSN,Bachelor of Science in Nursing,2080N0001X,NEONATAL-PERINATAL MEDICINE PHYSICIAN,2
BSN,Bachelor of Science in Nursing,2080P0203X,PEDIATRIC CRITICAL CARE MEDICINE PHYSICIAN,2
BSN,Bachelor of Science in Nursing,208100000X,PHYSICAL MEDICINE & REHABILITATION PHYSICIAN,2
BSN,Bachelor of Science in Nursing,2084N0400X,NEUROLOGY PHYSICIAN,2
BSN,Bachelor of Science in Nursing,2084P0802X,ADDICTION PSYCHIATRY PHYSICIAN,2
BSN,Bachelor of Science in Nursing,2086S0127X,TRAUMA SURGERY PHYSICIAN,2
BSN,Bachelor of Science in Nursing,208VP0000X,PAIN MEDICINE PHYSICIAN,2
CARN-AP,Certified Addictions Registered Nurse - Advanced Practice,2084P0802X,ADDICTION PSYCHIATRY PHYSICIAN,2
CCRN,Critical Care Registered Nurse (Adult),207Q00000X,FAMILY MEDICINE PHYSICIAN,2
CCRN,Critical Care Registered Nurse (Adult),2080P0203X,PEDIATRIC CRITICAL CARE MEDICINE PHYSICIAN,2
CDN,Certified Dialysis Nurse,208100000X,PHYSICAL MEDICINE & REHABILITATION PHYSICIAN,2
CNA,Certified Nursing Assistant,202K00000X,PHLEBOLOGY PHYSICIAN,2
CNA,Certified Nursing Assistant,2084P0800X,PSYCHIATRY PHYSICIAN,2
CNA,Certified Nursing Assistant,2084P0804X,CHILD & ADOLESCENT PSYCHIATRY PHYSICIAN,2
CNA,Certified Nursing Assistant,2085R0202X,DIAGNOSTIC RADIOLOGY PHYSICIAN,2
CNE,Certified Nurse Educator,207Q00000X,FAMILY MEDICINE PHYSICIAN,2
CNM,Certified Nurse Midwife,207P00000X,EMERGENCY MEDICINE PHYSICIAN,2
CNM,Certified Nurse Midwife,207VE0102X,REPRODUCTIVE ENDOCRINOLOGY PHYSICIAN,2
CNM,Certified Nurse Midwife,2085U0001X,DIAGNOSTIC ULTRASOUND PHYSICIAN,2
CNS,Certified Nurse Specialist,2080N0001X,NEONATAL-PERINATAL MEDICINE PHYSICIAN,2
CNS,Certified Nurse Specialist,2086S0129X,VASCULAR SURGERY PHYSICIAN,2
CNS,Certified Nurse Specialist,208M00000X,HOSPITALIST PHYSICIAN,2
CNS,Certified Nurse Specialist,208VP0000X,PAIN MEDICINE PHYSICIAN,2
CPN,Certified Pediatric Nurse,208000000X,PEDIATRICS PHYSICIAN,2
CRNA,Certified Registered Nurse Anesthetist,207LA0401X,ADDICTION MEDICINE (ANESTHESIOLOGY) PHYSICIAN,2
CRNA,Certified Registered Nurse Anesthetist,207P00000X,EMERGENCY MEDICINE PHYSICIAN,2
CRNA,Certified Registered Nurse Anesthetist,207RC0200X,CRITICAL CARE MEDICINE (INTERNAL MEDICINE) PHYSICIAN,2
CRNA,Certified Registered Nurse Anesthetist,207RI0011X,INTERVENTIONAL CARDIOLOGY PHYSICIAN,2
CRNA,Certified Registered Nurse Anesthetist,208000000X,PEDIATRICS PHYSICIAN,2
CRNA,Certified Registered Nurse Anesthetist,2085R0202X,DIAGNOSTIC RADIOLOGY PHYSICIAN,2
CRNA,Certified Registered Nurse Anesthetist,208M00000X,HOSPITALIST PHYSICIAN,2
CRNA,Certified Registered Nurse Anesthetist,208VP0000X,PAIN MEDICINE PHYSICIAN,2
CRNFA,Certified Registered Nurse First Assistant,208600000X,SURGERY PHYSICIAN,2
DNP,Doctor of Nursing Practice,202D00000X,INTEGRATIVE MEDICINE PHYSICIAN,2
DNP,Doctor of Nursing Practice,204F00000X,TRANSPLANT SURGERY PHYSICIAN,2
DNP,Doctor of Nursing Practice,207K00000X,ALLERGY & IMMUNOLOGY PHYSICIAN,2
DNP,Doctor of Nursing Practice,207LC0200X,CRITICAL CARE MEDICINE (ANESTHESIOLOGY) PHYSICIAN,2
DNP,Doctor of Nursing Practice,207LP2900X,PAIN MEDICINE (ANESTHESIOLOGY) PHYSICIAN,2
DNP,Doctor of Nursing Practice,207PE0004X,EMERGENCY MEDICAL SERVICES (EMERGENCY MEDICINE) PHYSICIAN,2
DNP,Doctor of Nursing Practice,207RA0001X,ADVANCED HEART FAILURE AND TRANSPLANT CARDIOLOGY PHYSICIAN,2
DNP,Doctor of Nursing Practice,207RA0002X,ADULT CONGENITAL HEART DISEASE PHYSICIAN,2
DNP,Doctor of Nursing Practice,207RR0500X,RHEUMATOLOGY PHYSICIAN,2
DNP,Doctor of Nursing Practice,207RS0012X,SLEEP MEDICINE (INTERNAL MEDICINE) PHYSICIAN,2
DNP,Doctor of Nursing Practice,207VX0000X,OBSTETRICS PHYSICIAN,2
DNP,Doctor of Nursing Practice,2080A0000X,PEDIATRIC ADOLESCENT MEDICINE PHYSICIAN,2
DNP,Doctor of Nursing Practice,2080P0206X,PEDIATRIC GASTROENTEROLOGY PHYSICIAN,2
DNP,Doctor of Nursing Practice,2080P0208X,PEDIATRIC INFECTIOUS DISEASES PHYSICIAN,2
DNP,Doctor of Nursing Practice,2080P0216X,PEDIATRIC RHEUMATOLOGY PHYSICIAN,2
DNP,Doctor of Nursing Practice,2083X0100X,OCCUPATIONAL MEDICINE PHYSICIAN,2
DNP,Doctor of Nursing Practice,2084P0805X,GERIATRIC PSYCHIATRY PHYSICIAN,2
DNP,Doctor of Nursing Practice,2085R0204X,VASCULAR & INTERVENTIONAL RADIOLOGY PHYSICIAN,2
DNP,Doctor of Nursing Practice,2088P0231X,PEDIATRIC UROLOGY PHYSICIAN,2
DNP,Doctor of Nursing Practice,209800000X,LEGAL MEDICINE (M.D./D.O.) PHYSICIAN,2
LPN,Licensed Practical Nurse,202K00000X,PHLEBOLOGY PHYSICIAN,2
LPN,Licensed Practical Nurse,207P00000X,EMERGENCY MEDICINE PHYSICIAN,2
LPN,Licensed Practical Nurse,207RA0401X,ADDICTION MEDICINE (INTERNAL MEDICINE) PHYSICIAN,2
LPN,Licensed Practical Nurse,207X00000X,ORTHOPAEDIC SURGERY PHYSICIAN,2
LPN,Licensed Practical Nurse,2080A0000X,PEDIATRIC ADOLESCENT MEDICINE PHYSICIAN,2
LPN,Licensed Practical Nurse,208200000X,PLASTIC SURGERY PHYSICIAN,2
LPN,Licensed Practical Nurse,2083P0901X,PUBLIC HEALTH & GENERAL PREVENTIVE MEDICINE PHYSICIAN,2
LVN,Licensed Vocational Nurse,207Q00000X,FAMILY MEDICINE PHYSICIAN,2
LVN,Licensed Vocational Nurse,2084P0800X,PSYCHIATRY PHYSICIAN,2
MSN,Master of Science in Nursing,202D00000X,INTEGRATIVE MEDICINE PHYSICIAN,2
MSN,Master of Science in Nursing,207KA0200X,ALLERGY PHYSICIAN,2
MSN,Master of Science in Nursing,207QA0000X,ADOLESCENT MEDICINE (FAMILY MEDICINE) PHYSICIAN,2
MSN,Master of Science in Nursing,207QB0002X,OBESITY MEDICINE (FAMILY MEDICINE) PHYSICIAN,2
MSN,Master of Science in Nursing,207QS1201X,SLEEP MEDICINE (FAMILY MEDICINE) PHYSICIAN,2
MSN,Master of Science in Nursing,207RA0401X,ADDICTION MEDICINE (INTERNAL MEDICINE) PHYSICIAN,2
MSN,Master of Science in Nursing,207RC0001X,CLINICAL CARDIAC ELECTROPHYSIOLOGY PHYSICIAN,2
MSN,Master of Science in Nursing,207RC0200X,CRITICAL CARE MEDICINE (INTERNAL MEDICINE) PHYSICIAN,2
MSN,Master of Science in Nursing,207RX0202X,MEDICAL ONCOLOGY PHYSICIAN,2
MSN,Master of Science in Nursing,207VX0201X,GYNECOLOGIC ONCOLOGY PHYSICIAN,2
MSN,Master of Science in Nursing,207XS0117X,ORTHOPAEDIC SURGERY OF THE SPINE PHYSICIAN,2
MSN,Master of Science in Nursing,207Y00000X,OTOLARYNGOLOGY PHYSICIAN,2
MSN,Master of Science in Nursing,2080P0202X,PEDIATRIC CARDIOLOGY PHYSICIAN,2
MSN,Master of Science in Nursing,2080P0205X,PEDIATRIC ENDOCRINOLOGY PHYSICIAN,2
MSN,Master of Science in Nursing,2083A0300X,ADDICTION MEDICINE (PREVENTIVE MEDICINE) PHYSICIAN,2
MSN,Master of Science in Nursing,2083P0011X,UNDERSEA AND HYPERBARIC MEDICINE (PREVENTIVE MEDICINE) PHYSICIAN,2
MSN,Master of Science in Nursing,2083X0100X,OCCUPATIONAL MEDICINE PHYSICIAN,2
MSN,Master of Science in Nursing,2084B0040X,BEHAVIORAL NEUROLOGY & NEUROPSYCHIATRY PHYSICIAN,2
MSN,Master of Science in Nursing,2084N0402X,NEUROLOGY WITH SPECIAL QUALIFICATIONS IN CHILD NEUROLOGY PHYSICIAN,2
MSN,Master of Science in Nursing,2084P0802X,ADDICTION PSYCHIATRY PHYSICIAN,2
MSN,Master of Science in Nursing,2084P0805X,GERIATRIC PSYCHIATRY PHYSICIAN,2
MSN,Master of Science in Nursing,2085R0001X,RADIATION ONCOLOGY PHYSICIAN,2
MSN,Master of Science in Nursing,2085R0202X,DIAGNOSTIC RADIOLOGY PHYSICIAN,2
MSN,Master of Science in Nursing,2086S0122X,PLASTIC AND RECONSTRUCTIVE SURGERY PHYSICIAN,2
MSN,Master of Science in Nursing,2086S0129X,VASCULAR SURGERY PHYSICIAN,2
MSN,Master of Science in Nursing,2086X0206X,SURGICAL ONCOLOGY PHYSICIAN,2
NURSE,Nurse,207LP2900X,PAIN MEDICINE (ANESTHESIOLOGY) PHYSICIAN,2
NURSE,Nurse,207N00000X,DERMATOLOGY PHYSICIAN,2
NURSE,Nurse,207QA0401X,ADDICTION MEDICINE (FAMILY MEDICINE) PHYSICIAN,2
NURSE,Nurse,207RE0101X,"ENDOCRINOLOGY, DIABETES & METABOLISM PHYSICIAN",2
NURSE,Nurse,207RG0100X,GASTROENTEROLOGY PHYSICIAN,2
NURSE,Nurse,207RR0500X,RHEUMATOLOGY PHYSICIAN,2
NURSE,Nurse,207VG0400X,GYNECOLOGY PHYSICIAN,2
NURSE,Nurse,207VM0101X,MATERNAL & FETAL MEDICINE PHYSICIAN,2
NURSE,Nurse,207X00000X,ORTHOPAEDIC SURGERY PHYSICIAN,2
NURSE,Nurse,207Y00000X,OTOLARYNGOLOGY PHYSICIAN,2
NURSE,Nurse,2084N0400X,NEUROLOGY PHYSICIAN,2
NURSE,Nurse,2086S0102X,SURGICAL CRITICAL CARE PHYSICIAN,2
NURSE,Nurse,208VP0014X,INTERVENTIONAL PAIN MEDICINE PHYSICIAN,2
RN,Registered Nurse,207KA0200X,ALLERGY PHYSICIAN,2
RN,Registered Nurse,207LC0200X,CRITICAL CARE MEDICINE (ANESTHESIOLOGY) PHYSICIAN,2
RN,Registered Nurse,207LP3000X,PEDIATRIC ANESTHESIOLOGY PHYSICIAN,2
RN,Registered Nurse,207QA0000X,ADOLESCENT MEDICINE (FAMILY MEDICINE) PHYSICIAN,2
RN,Registered Nurse,207QB0002X,OBESITY MEDICINE (FAMILY MEDICINE) PHYSICIAN,2
RN,Registered Nurse,207RC0001X,CLINICAL CARDIAC ELECTROPHYSIOLOGY PHYSICIAN,2
RN,Registered Nurse,207RI0001X,CLINICAL & LABORATORY IMMUNOLOGY (INTERNAL MEDICINE) PHYSICIAN,2
RN,Registered Nurse,207RI0011X,INTERVENTIONAL CARDIOLOGY PHYSICIAN,2
RN,Registered Nurse,207SG0207X,MEDICAL BIOCHEMICAL GENETICS,2
RN,Registered Nurse,207UN0902X,NUCLEAR IMAGING & THERAPY PHYSICIAN,2
RN,Registered Nurse,207XS0117X,ORTHOPAEDIC SURGERY OF THE SPINE PHYSICIAN,2
RN,Registered Nurse,207ZF0201X,FORENSIC PATHOLOGY PHYSICIAN,2
RN,Registered Nurse,2080C0008X,CHILD ABUSE PEDIATRICS PHYSICIAN,2
RN,Registered Nurse,2080P0206X,PEDIATRIC GASTROENTEROLOGY PHYSICIAN,2
RN,Registered Nurse,2081P0004X,SPINAL CORD INJURY MEDICINE PHYSICIAN,2
RN,Registered Nurse,2083A0300X,ADDICTION MEDICINE (PREVENTIVE MEDICINE) PHYSICIAN,2
RN,Registered Nurse,2083B0002X,OBESITY MEDICINE (PREVENTIVE MEDICINE) PHYSICIAN,2
RN,Registered Nurse,2083C0008X,CLINICAL INFORMATICS PHYSICIAN,2
RN,Registered Nurse,2083P0011X,UNDERSEA AND HYPERBARIC MEDICINE (PREVENTIVE MEDICINE) PHYSICIAN,2
RN,Registered Nurse,2085R0001X,RADIATION ONCOLOGY PHYSICIAN,2
RN,Registered Nurse,2085U0001X,DIAGNOSTIC ULTRASOUND PHYSICIAN,2
RN,Registered Nurse,2086S0120X,PEDIATRIC SURGERY PHYSICIAN,2
RN,Registered Nurse,2086X0206X,SURGICAL ONCOLOGY PHYSICIAN,2
RN,Registered Nurse,209800000X,LEGAL MEDICINE (M.D./D.O.) PHYSICIAN,2
RNC-NIC,Neonatal Intensive Care Nursing,2080N0001X,NEONATAL-PERINATAL MEDICINE PHYSICIAN,2
RNC-OB,Inpatient Obstetric Nursing,207V00000X,OBSTETRICS & GYNECOLOGY PHYSICIAN,2
RNFA,Registered Nurse First Assistant,207T00000X,NEUROLOGICAL SURGERY PHYSICIAN,2
RNFA,Registered Nurse First Assistant,208200000X,PLASTIC SURGERY PHYSICIAN,2
ACCNS-AG,Acute Care Clinical Nurse Specialist (Adult-Gerontology),207T00000X,NEUROLOGICAL SURGERY PHYSICIAN,1
ACCNS-AG,Acute Care Clinical Nurse Specialist (Adult-Gerontology),208100000X,PHYSICAL MEDICINE & REHABILITATION PHYSICIAN,1
ACCNS-N,Acute Care Clinical Nurse Specialist (Neonatal),2080N0001X,NEONATAL-PERINATAL MEDICINE PHYSICIAN,1
ACCNS-P,Acute Care Clinical Nurse Specialist (Pediatric),2080P0203X,PEDIATRIC CRITICAL CARE MEDICINE PHYSICIAN,1
ACHPN,Advanced Certified Hospice and Palliative Nurse,2084H0002X,HOSPICE AND PALLIATIVE MEDICINE (PSYCHIATRY & NEUROLOGY) PHYSICIAN,1
ACHPN,Advanced Certified Hospice and Palliative Nurse,208VP0000X,PAIN MEDICINE PHYSICIAN,1
ACNS-BC,Adult Health Clinical Nurse Specialist,207RH0002X,HOSPICE AND PALLIATIVE MEDICINE (INTERNAL MEDICINE) PHYSICIAN,1
ACRN,HIV/AIDS Certified Registered Nurse,207RC0000X,CARDIOVASCULAR DISEASE PHYSICIAN,1
AFN-BC,Forensic Nursing Advanced,2080C0008X,CHILD ABUSE PEDIATRICS PHYSICIAN,1
AGCNS-BC,Adult-Gerontology Clinical Nurse Specialist,207QG0300X,GERIATRIC MEDICINE (FAMILY MEDICINE) PHYSICIAN,1
AGCNS-BC,Adult-Gerontology Clinical Nurse Specialist,207QH0002X,HOSPICE AND PALLIATIVE MEDICINE (FAMILY MEDICINE) PHYSICIAN,1
AGCNS-BC,Adult-Gerontology Clinical Nurse Specialist,207RC0000X,CARDIOVASCULAR DISEASE PHYSICIAN,1
AGCNS-BC,Adult-Gerontology Clinical Nurse Specialist,2086S0122X,PLASTIC AND RECONSTRUCTIVE SURGERY PHYSICIAN,1
AGCNS-BC,Adult-Gerontology Clinical Nurse Specialist,208C00000X,COLON & RECTAL SURGERY PHYSICIAN,1
AMB-BC,Ambulatory Care Nursing,207RR0500X,RHEUMATOLOGY PHYSICIAN,1
APN,Advanced Practice Nurse,202C00000X,INDEPENDENT MEDICAL EXAMINER PHYSICIAN,1
APN,Advanced Practice Nurse,204F00000X,TRANSPLANT SURGERY PHYSICIAN,1
APN,Advanced Practice Nurse,207KA0200X,ALLERGY PHYSICIAN,1
APN,Advanced Practice Nurse,207LC0200X,CRITICAL CARE MEDICINE (ANESTHESIOLOGY) PHYSICIAN,1
APN,Advanced Practice Nurse,207LH0002X,HOSPICE AND PALLIATIVE MEDICINE (ANESTHESIOLOGY) PHYSICIAN,1
APN,Advanced Practice Nurse,207LP2900X,PAIN MEDICINE (ANESTHESIOLOGY) PHYSICIAN,1
APN,Advanced Practice Nurse,207PH0002X,HOSPICE AND PALLIATIVE MEDICINE (EMERGENCY MEDICINE) PHYSICIAN,1
APN,Advanced Practice Nurse,207RA0002X,ADULT CONGENITAL HEART DISEASE PHYSICIAN,1
APN,Advanced Practice Nurse,207RA0401X,ADDICTION MEDICINE (INTERNAL MEDICINE) PHYSICIAN,1
APN,Advanced Practice Nurse,207RI0008X,HEPATOLOGY PHYSICIAN,1
APN,Advanced Practice Nurse,207RS0010X,SPORTS MEDICINE (INTERNAL MEDICINE) PHYSICIAN,1
APN,Advanced Practice Nurse,207VE0102X,REPRODUCTIVE ENDOCRINOLOGY PHYSICIAN,1
APN,Advanced Practice Nurse,207VF0040X,UROGYNECOLOGY AND RECONSTRUCTIVE PELVIC SURGERY (OBSTETRICS & GYNECOLOGY) PHYSICIAN,1
APN,Advanced Practice Nurse,207VX0000X,OBSTETRICS PHYSICIAN,1
APN,Advanced Practice Nurse,207VX0201X,GYNECOLOGIC ONCOLOGY PHYSICIAN,1
APN,Advanced Practice Nurse,207XP3100X,PEDIATRIC ORTHOPAEDIC SURGERY PHYSICIAN,1
APN,Advanced Practice Nurse,2080A0000X,PEDIATRIC ADOLESCENT MEDICINE PHYSICIAN,1
APN,Advanced Practice Nurse,2080H0002X,PEDIATRIC HOSPICE AND PALLIATIVE MEDICINE PHYSICIAN,1
APN,Advanced Practice Nurse,2080N0001X,NEONATAL-PERINATAL MEDICINE PHYSICIAN,1
APN,Advanced Practice Nurse,2080P0008X,PEDIATRIC NEURODEVELOPMENTAL DISABILITIES PHYSICIAN,1
APN,Advanced Practice Nurse,2080P0202X,PEDIATRIC CARDIOLOGY PHYSICIAN,1
APN,Advanced Practice Nurse,2080P0204X,PEDIATRIC EMERGENCY MEDICINE (PEDIATRICS) PHYSICIAN,1
APN,Advanced Practice Nurse,2080P0206X,PEDIATRIC GASTROENTEROLOGY PHYSICIAN,1
APN,Advanced Practice Nurse,2080P0207X,PEDIATRIC HEMATOLOGY & ONCOLOGY PHYSICIAN,1
APN,Advanced Practice Nurse,2080P0210X,PEDIATRIC NEPHROLOGY PHYSICIAN,1
APN,Advanced Practice Nurse,208200000X,PLASTIC SURGERY PHYSICIAN,1
APN,Advanced Practice Nurse,2083A0300X,ADDICTION MEDICINE (PREVENTIVE MEDICINE) PHYSICIAN,1
APN,Advanced Practice Nurse,2083B0002X,OBESITY MEDICINE (PREVENTIVE MEDICINE) PHYSICIAN,1
APN,Advanced Practice Nurse,2083P0011X,UNDERSEA AND HYPERBARIC MEDICINE (PREVENTIVE MEDICINE) PHYSICIAN,1
APN,Advanced Practice Nurse,2084A0401X,ADDICTION MEDICINE (PSYCHIATRY & NEUROLOGY) PHYSICIAN,1
APN,Advanced Practice Nurse,2084B0040X,BEHAVIORAL NEUROLOGY & NEUROPSYCHIATRY PHYSICIAN,1
APN,Advanced Practice Nurse,2086S0102X,SURGICAL CRITICAL CARE PHYSICIAN,1
APN,Advanced Practice Nurse,2086S0129X,VASCULAR SURGERY PHYSICIAN,1
APN,Advanced Practice Nurse,209800000X,LEGAL MEDICINE (M.D./D.O.) PHYSICIAN,1
BSN,Bachelor of Science in Nursing,207K00000X,ALLERGY & IMMUNOLOGY PHYSICIAN,1
BSN,Bachelor of Science in Nursing,207KA0200X,ALLERGY PHYSICIAN,1
BSN,Bachelor of Science in Nursing,207N00000X,DERMATOLOGY PHYSICIAN,1
BSN,Bachelor of Science in Nursing,207P00000X,EMERGENCY MEDICINE PHYSICIAN,1
BSN,Bachelor of Science in Nursing,207RA0401X,ADDICTION MEDICINE (INTERNAL MEDICINE) PHYSICIAN,1
BSN,Bachelor of Science in Nursing,207RC0000X,CARDIOVASCULAR DISEASE PHYSICIAN,1
BSN,Bachelor of Science in Nursing,207RG0100X,GASTROENTEROLOGY PHYSICIAN,1
BSN,Bachelor of Science in Nursing,207RH0002X,HOSPICE AND PALLIATIVE MEDICINE (INTERNAL MEDICINE) PHYSICIAN,1
BSN,Bachelor of Science in Nursing,207RH0003X,HEMATOLOGY & ONCOLOGY PHYSICIAN,1
BSN,Bachelor of Science in Nursing,207RI0011X,INTERVENTIONAL CARDIOLOGY PHYSICIAN,1
BSN,Bachelor of Science in Nursing,207RI0200X,INFECTIOUS DISEASE PHYSICIAN,1
BSN,Bachelor of Science in Nursing,207RR0500X,RHEUMATOLOGY PHYSICIAN,1
BSN,Bachelor of Science in Nursing,207VE0102X,REPRODUCTIVE ENDOCRINOLOGY PHYSICIAN,1
BSN,Bachelor of Science in Nursing,207VF0040X,UROGYNECOLOGY AND RECONSTRUCTIVE PELVIC SURGERY (OBSTETRICS & GYNECOLOGY) PHYSICIAN,1
BSN,Bachelor of Science in Nursing,207VG0400X,GYNECOLOGY PHYSICIAN,1
BSN,Bachelor of Science in Nursing,207VX0201X,GYNECOLOGIC ONCOLOGY PHYSICIAN,1
BSN,Bachelor of Science in Nursing,207ZF0201X,FORENSIC PATHOLOGY PHYSICIAN,1
BSN,Bachelor of Science in Nursing,2080C0008X,CHILD ABUSE PEDIATRICS PHYSICIAN,1
BSN,Bachelor of Science in Nursing,2080P0006X,DEVELOPMENTAL - BEHAVIORAL PEDIATRICS PHYSICIAN,1
BSN,Bachelor of Science in Nursing,2080P0204X,PEDIATRIC EMERGENCY MEDICINE (PEDIATRICS) PHYSICIAN,1
BSN,Bachelor of Science in Nursing,2080P0214X,PEDIATRIC PULMONOLOGY PHYSICIAN,1
BSN,Bachelor of Science in Nursing,2081P0004X,SPINAL CORD INJURY MEDICINE PHYSICIAN,1
BSN,Bachelor of Science in Nursing,208200000X,PLASTIC SURGERY PHYSICIAN,1
BSN,Bachelor of Science in Nursing,2083C0008X,CLINICAL INFORMATICS PHYSICIAN,1
BSN,Bachelor of Science in Nursing,2084A2900X,NEUROCRITICAL CARE PHYSICIAN,1
BSN,Bachelor of Science in Nursing,2084P0804X,CHILD & ADOLESCENT PSYCHIATRY PHYSICIAN,1
BSN,Bachelor of Science in Nursing,2086S0102X,SURGICAL CRITICAL CARE PHYSICIAN,1
BSN,Bachelor of Science in Nursing,2086S0120X,PEDIATRIC SURGERY PHYSICIAN,1
BSN,Bachelor of Science in Nursing,2086S0129X,VASCULAR SURGERY PHYSICIAN,1
BSN,Bachelor of Science in Nursing,2086X0206X,SURGICAL ONCOLOGY PHYSICIAN,1
BSN,Bachelor of Science in Nursing,208800000X,UROLOGY PHYSICIAN,1
CARN-AP,Certified Addictions Registered Nurse - Advanced Practice,207Q00000X,FAMILY MEDICINE PHYSICIAN,1
CCRN,Critical Care Registered Nurse (Adult),207UN0902X,NUCLEAR IMAGING & THERAPY PHYSICIAN,1
CCRN,Critical Care Registered Nurse (Adult),207V00000X,OBSTETRICS & GYNECOLOGY PHYSICIAN,1
CCRN,Critical Care Registered Nurse (Adult),2083P0901X,PUBLIC HEALTH & GENERAL PREVENTIVE MEDICINE PHYSICIAN,1
CCRN,Critical Care Registered Nurse (Adult),2086S0102X,SURGICAL CRITICAL CARE PHYSICIAN,1
CCRN,Critical Care Registered Nurse (Adult),208M00000X,HOSPITALIST PHYSICIAN,1
CCRN,Critical Care Registered Nurse (Adult),208VP0014X,INTERVENTIONAL PAIN MEDICINE PHYSICIAN,1
CDN,Certified Dialysis Nurse,207RC0000X,CARDIOVASCULAR DISEASE PHYSICIAN,1
CDN,Certified Dialysis Nurse,208600000X,SURGERY PHYSICIAN,1
CEN,Certified Emergency Nurse,207LP2900X,PAIN MEDICINE (ANESTHESIOLOGY) PHYSICIAN,1
CEN,Certified Emergency Nurse,207P00000X,EMERGENCY MEDICINE PHYSICIAN,1
CEN,Certified Emergency Nurse,207Q00000X,FAMILY MEDICINE PHYSICIAN,1
CFRN,Certified Flight Registered Nurse,208VP0000X,PAIN MEDICINE PHYSICIAN,1
CHPN,Certified Hospice and Palliative Nurse,207RH0002X,HOSPICE AND PALLIATIVE MEDICINE (INTERNAL MEDICINE) PHYSICIAN,1
CHPN,Certified Hospice and Palliative Nurse,207RX0202X,MEDICAL ONCOLOGY PHYSICIAN,1
CM,Occupational Health Nursing Case Management,207V00000X,OBSTETRICS & GYNECOLOGY PHYSICIAN,1
CM,Occupational Health Nursing Case Management,207ZM0300X,MEDICAL MICROBIOLOGY PHYSICIAN,1
CM,Occupational Health Nursing Case Management,207ZP0105X,CLINICAL PATHOLOGY/LABORATORY MEDICINE PHYSICIAN,1
CNA,Certified Nursing Assistant,202C00000X,INDEPENDENT MEDICAL EXAMINER PHYSICIAN,1
CNA,Certified Nursing Assistant,207LP3000X,PEDIATRIC ANESTHESIOLOGY PHYSICIAN,1
CNA,Certified Nursing Assistant,207N00000X,DERMATOLOGY PHYSICIAN,1
CNA,Certified Nursing Assistant,207P00000X,EMERGENCY MEDICINE PHYSICIAN,1
CNA,Certified Nursing Assistant,207QA0401X,ADDICTION MEDICINE (FAMILY MEDICINE) PHYSICIAN,1
CNA,Certified Nursing Assistant,207QG0300X,GERIATRIC MEDICINE (FAMILY MEDICINE) PHYSICIAN,1
CNA,Certified Nursing Assistant,207RE0101X,"ENDOCRINOLOGY, DIABETES & METABOLISM PHYSICIAN",1
CNA,Certified Nursing Assistant,207RG0300X,GERIATRIC MEDICINE (INTERNAL MEDICINE) PHYSICIAN,1
CNA,Certified Nursing Assistant,207RI0011X,INTERVENTIONAL CARDIOLOGY PHYSICIAN,1
CNA,Certified Nursing Assistant,207V00000X,OBSTETRICS & GYNECOLOGY PHYSICIAN,1
CNA,Certified Nursing Assistant,207VH0002X,HOSPICE AND PALLIATIVE MEDICINE (OBSTETRICS & GYNECOLOGY) PHYSICIAN,1
CNA,Certified Nursing Assistant,2080H0002X,PEDIATRIC HOSPICE AND PALLIATIVE MEDICINE PHYSICIAN,1
CNA,Certified Nursing Assistant,2081H0002X,HOSPICE AND PALLIATIVE MEDICINE (PHYSICAL MEDICINE & REHABILITATION) PHYSICIAN,1
CNA,Certified Nursing Assistant,2084N0400X,NEUROLOGY PHYSICIAN,1
CNA,Certified Nursing Assistant,208D00000X,GENERAL PRACTICE PHYSICIAN,1
CNA,Certified Nursing Assistant,208M00000X,HOSPITALIST PHYSICIAN,1
CNA,Certified Nursing Assistant,208VP0000X,PAIN MEDICINE PHYSICIAN,1
CNM,Certified Nurse Midwife,207QA0401X,ADDICTION MEDICINE (FAMILY MEDICINE) PHYSICIAN,1
CNM,Certified Nurse Midwife,207R00000X,INTERNAL MEDICINE PHYSICIAN,1
CNM,Certified Nurse Midwife,207RC0000X,CARDIOVASCULAR DISEASE PHYSICIAN,1
CNM,Certified Nurse Midwife,207RH0003X,HEMATOLOGY & ONCOLOGY PHYSICIAN,1
CNM,Certified Nurse Midwife,207VH0002X,HOSPICE AND PALLIATIVE MEDICINE (OBSTETRICS & GYNECOLOGY) PHYSICIAN,1
CNM,Certified Nurse Midwife,207VX0201X,GYNECOLOGIC ONCOLOGY PHYSICIAN,1
CNM,Certified Nurse Midwife,207ZC0006X,CLINICAL PATHOLOGY PHYSICIAN,1
CNM,Certified Nurse Midwife,207ZN0500X,NEUROPATHOLOGY PHYSICIAN,1
CNM,Certified Nurse Midwife,208000000X,PEDIATRICS PHYSICIAN,1
CNM,Certified Nurse Midwife,2083A0300X,ADDICTION MEDICINE (PREVENTIVE MEDICINE) PHYSICIAN,1
CNM,Certified Nurse Midwife,2083P0011X,UNDERSEA AND HYPERBARIC MEDICINE (PREVENTIVE MEDICINE) PHYSICIAN,1
CNM,Certified Nurse Midwife,2083P0901X,PUBLIC HEALTH & GENERAL PREVENTIVE MEDICINE PHYSICIAN,1
CNM,Certified Nurse Midwife,2084A0401X,ADDICTION MEDICINE (PSYCHIATRY & NEUROLOGY) PHYSICIAN,1
CNM,Certified Nurse Midwife,2084P0804X,CHILD & ADOLESCENT PSYCHIATRY PHYSICIAN,1
CNM,Certified Nurse Midwife,208600000X,SURGERY PHYSICIAN,1
CNM,Certified Nurse Midwife,208800000X,UROLOGY PHYSICIAN,1
CNOR,Certified Perioperative Nurse,207Q00000X,FAMILY MEDICINE PHYSICIAN,1
CNOR,Certified Perioperative Nurse,207T00000X,NEUROLOGICAL SURGERY PHYSICIAN,1
CNOR,Certified Perioperative Nurse,207VX0000X,OBSTETRICS PHYSICIAN,1
CNOR,Certified Perioperative Nurse,208200000X,PLASTIC SURGERY PHYSICIAN,1
CNOR,Certified Perioperative Nurse,2086S0129X,VASCULAR SURGERY PHYSICIAN,1
CNOR,Certified Perioperative Nurse,2088F0040X,UROGYNECOLOGY AND RECONSTRUCTIVE PELVIC SURGERY (UROLOGY) PHYSICIAN,1
CNRN,Certified Neuroscience Registered Nurse,207RG0300X,GERIATRIC MEDICINE (INTERNAL MEDICINE) PHYSICIAN,1
CNRN,Certified Neuroscience Registered Nurse,207T00000X,NEUROLOGICAL SURGERY PHYSICIAN,1
CNRN,Certified Neuroscience Registered Nurse,2086S0102X,SURGICAL CRITICAL CARE PHYSICIAN,1
CNS,Certified Nurse Specialist,207L00000X,ANESTHESIOLOGY PHYSICIAN,1
CNS,Certified Nurse Specialist,207QA0505X,ADULT MEDICINE PHYSICIAN,1
CNS,Certified Nurse Specialist,207QG0300X,GERIATRIC MEDICINE (FAMILY MEDICINE) PHYSICIAN,1
CNS,Certified Nurse Specialist,207QH0002X,HOSPICE AND PALLIATIVE MEDICINE (FAMILY MEDICINE) PHYSICIAN,1
CNS,Certified Nurse Specialist,207RI0200X,INFECTIOUS DISEASE PHYSICIAN,1
CNS,Certified Nurse Specialist,207RP1001X,PULMONARY DISEASE PHYSICIAN,1
CNS,Certified Nurse Specialist,207RX0202X,MEDICAL ONCOLOGY PHYSICIAN,1
CNS,Certified Nurse Specialist,207T00000X,NEUROLOGICAL SURGERY PHYSICIAN,1
CNS,Certified Nurse Specialist,2080P0203X,PEDIATRIC CRITICAL CARE MEDICINE PHYSICIAN,1
CNS,Certified Nurse Specialist,2080P0207X,PEDIATRIC HEMATOLOGY & ONCOLOGY PHYSICIAN,1
CNS,Certified Nurse Specialist,2084P0802X,ADDICTION PSYCHIATRY PHYSICIAN,1
CNS,Certified Nurse Specialist,2084P0804X,CHILD & ADOLESCENT PSYCHIATRY PHYSICIAN,1
CNS,Certified Nurse Specialist,208600000X,SURGERY PHYSICIAN,1
CNS,Certified Nurse Specialist,2086S0102X,SURGICAL CRITICAL CARE PHYSICIAN,1
CNS,Certified Nurse Specialist,2086S0122X,PLASTIC AND RECONSTRUCTIVE SURGERY PHYSICIAN,1
CNS,Certified Nurse Specialist,2086X0206X,SURGICAL ONCOLOGY PHYSICIAN,1
CNS,Certified Nurse Specialist,208800000X,UROLOGY PHYSICIAN,1
CNS,Certified Nurse Specialist,208C00000X,COLON & RECTAL SURGERY PHYSICIAN,1
CNS,Certified Nurse Specialist,208G00000X,THORACIC SURGERY (CARDIOTHORACIC VASCULAR SURGERY) PHYSICIAN,1
CNS-BC,Clinical Nurse Specialist Core,208M00000X,HOSPITALIST PHYSICIAN,1
CORLN,Certified Otorhinolaryngology Nurse,207Y00000X,OTOLARYNGOLOGY PHYSICIAN,1
CPN,Certified Pediatric Nurse,207L00000X,ANESTHESIOLOGY PHYSICIAN,1
CPN,Certified Pediatric Nurse,2080P0203X,PEDIATRIC CRITICAL CARE MEDICINE PHYSICIAN,1
CPN,Certified Pediatric Nurse,2083P0901X,PUBLIC HEALTH & GENERAL PREVENTIVE MEDICINE PHYSICIAN,1
CPON,Certified Pediatric Oncology Nurse,208000000X,PEDIATRICS PHYSICIAN,1
CRNA,Certified Registered Nurse Anesthetist,204C00000X,SPORTS MEDICINE (NEUROMUSCULOSKELETAL MEDICINE) PHYSICIAN,1
CRNA,Certified Registered Nurse Anesthetist,207LH0002X,HOSPICE AND PALLIATIVE MEDICINE (ANESTHESIOLOGY) PHYSICIAN,1
CRNA,Certified Registered Nurse Anesthetist,207QA0401X,ADDICTION MEDICINE (FAMILY MEDICINE) PHYSICIAN,1
CRNA,Certified Registered Nurse Anesthetist,207RC0001X,CLINICAL CARDIAC ELECTROPHYSIOLOGY PHYSICIAN,1
CRNA,Certified Registered Nurse Anesthetist,207RE0101X,"ENDOCRINOLOGY, DIABETES & METABOLISM PHYSICIAN",1
CRNA,Certified Registered Nurse Anesthetist,207XS0106X,ORTHOPAEDIC HAND SURGERY PHYSICIAN,1
CRNA,Certified Registered Nurse Anesthetist,2080P0207X,PEDIATRIC HEMATOLOGY & ONCOLOGY PHYSICIAN,1
CRNA,Certified Registered Nurse Anesthetist,2084A0401X,ADDICTION MEDICINE (PSYCHIATRY & NEUROLOGY) PHYSICIAN,1
CRNA,Certified Registered Nurse Anesthetist,2086S0102X,SURGICAL CRITICAL CARE PHYSICIAN,1
CRNFA,Certified Registered Nurse First Assistant,2086X0206X,SURGICAL ONCOLOGY PHYSICIAN,1
CRNO,Certification for Registered Nurses of Ophthalmology,207L00000X,ANESTHESIOLOGY PHYSICIAN,1
CRRN,Certified Rehabilitation Registered Nurse,207Q00000X,FAMILY MEDICINE PHYSICIAN,1
CWCN,Certified Wound Care Nurse,208D00000X,GENERAL PRACTICE PHYSICIAN,1
CWON,Certified Wound Ostomy Nurse,2083P0901X,PUBLIC HEALTH & GENERAL PREVENTIVE MEDICINE PHYSICIAN,1
DNP,Doctor of Nursing Practice,207LA0401X,ADDICTION MEDICINE (ANESTHESIOLOGY) PHYSICIAN,1
DNP,Doctor of Nursing Practice,207NS0135X,PROCEDURAL DERMATOLOGY PHYSICIAN,1
DNP,Doctor of Nursing Practice,207QS1201X,SLEEP MEDICINE (FAMILY MEDICINE) PHYSICIAN,1
DNP,Doctor of Nursing Practice,207RC0001X,CLINICAL CARDIAC ELECTROPHYSIOLOGY PHYSICIAN,1
DNP,Doctor of Nursing Practice,207VE0102X,REPRODUCTIVE ENDOCRINOLOGY PHYSICIAN,1
DNP,Doctor of Nursing Practice,207W00000X,OPHTHALMOLOGY PHYSICIAN,1
DNP,Doctor of Nursing Practice,207XS0117X,ORTHOPAEDIC SURGERY OF THE SPINE PHYSICIAN,1
DNP,Doctor of Nursing Practice,207Y00000X,OTOLARYNGOLOGY PHYSICIAN,1
DNP,Doctor of Nursing Practice,207ZC0008X,CLINICAL INFORMATICS (PATHOLOGY) PHYSICIAN,1
DNP,Doctor of Nursing Practice,207ZP0101X,ANATOMIC PATHOLOGY PHYSICIAN,1
DNP,Doctor of Nursing Practice,2080P0008X,PEDIATRIC NEURODEVELOPMENTAL DISABILITIES PHYSICIAN,1
DNP,Doctor of Nursing Practice,2080P0205X,PEDIATRIC ENDOCRINOLOGY PHYSICIAN,1
DNP,Doctor of Nursing Practice,2080P0210X,PEDIATRIC NEPHROLOGY PHYSICIAN,1
DNP,Doctor of Nursing Practice,2080P0214X,PEDIATRIC PULMONOLOGY PHYSICIAN,1
DNP,Doctor of Nursing Practice,2080T0002X,PEDIATRIC MEDICAL TOXICOLOGY PHYSICIAN,1
DNP,Doctor of Nursing Practice,2083A0300X,ADDICTION MEDICINE (PREVENTIVE MEDICINE) PHYSICIAN,1
DNP,Doctor of Nursing Practice,2083B0002X,OBESITY MEDICINE (PREVENTIVE MEDICINE) PHYSICIAN,1
DNP,Doctor of Nursing Practice,2083C0008X,CLINICAL INFORMATICS PHYSICIAN,1
DNP,Doctor of Nursing Practice,2084E0001X,EPILEPSY PHYSICIAN,1
DNP,Doctor of Nursing Practice,2084N0402X,NEUROLOGY WITH SPECIAL QUALIFICATIONS IN CHILD NEUROLOGY PHYSICIAN,1
DNP,Doctor of Nursing Practice,2084P0015X,PSYCHOSOMATIC MEDICINE PHYSICIAN,1
DNP,Doctor of Nursing Practice,2084P0301X,BRAIN INJURY MEDICINE (PSYCHIATRY & NEUROLOGY) PHYSICIAN,1
DNP,Doctor of Nursing Practice,2085N0700X,NEURORADIOLOGY PHYSICIAN,1
DNP,Doctor of Nursing Practice,2085P0229X,PEDIATRIC RADIOLOGY PHYSICIAN,1
DNP,Doctor of Nursing Practice,2085R0202X,DIAGNOSTIC RADIOLOGY PHYSICIAN,1
DNP,Doctor of Nursing Practice,2086S0102X,SURGICAL CRITICAL CARE PHYSICIAN,1
DNP,Doctor of Nursing Practice,2086S0120X,PEDIATRIC SURGERY PHYSICIAN,1
DNP,Doctor of Nursing Practice,2086S0122X,PLASTIC AND RECONSTRUCTIVE SURGERY PHYSICIAN,1
HNB-BC,Holistic Baccalaureate Nurse Board Certified,208VP0000X,PAIN MEDICINE PHYSICIAN,1
LPN,Licensed Practical Nurse,204D00000X,NEUROMUSCULOSKELETAL MEDICINE & OMM PHYSICIAN,1
LPN,Licensed Practical Nurse,207K00000X,ALLERGY & IMMUNOLOGY PHYSICIAN,1
LPN,Licensed Practical Nurse,207KI0005X,CLINICAL & LABORATORY IMMUNOLOGY (ALLERGY & IMMUNOLOGY) PHYSICIAN,1
LPN,Licensed Practical Nurse,207N00000X,DERMATOLOGY PHYSICIAN,1
LPN,Licensed Practical Nurse,207QA0505X,ADULT MEDICINE PHYSICIAN,1
LPN,Licensed Practical Nurse,207VX0000X,OBSTETRICS PHYSICIAN,1
LPN,Licensed Practical Nurse,207Y00000X,OTOLARYNGOLOGY PHYSICIAN,1
LPN,Licensed Practical Nurse,2080H0002X,PEDIATRIC HOSPICE AND PALLIATIVE MEDICINE PHYSICIAN,1
LPN,Licensed Practical Nurse,2080P0006X,DEVELOPMENTAL - BEHAVIORAL PEDIATRICS PHYSICIAN,1
LPN,Licensed Practical Nurse,2084A0401X,ADDICTION MEDICINE (PSYCHIATRY & NEUROLOGY) PHYSICIAN,1
LPN,Licensed Practical Nurse,2084B0040X,BEHAVIORAL NEUROLOGY & NEUROPSYCHIATRY PHYSICIAN,1
LPN,Licensed Practical Nurse,2084H0002X,HOSPICE AND PALLIATIVE MEDICINE (PSYCHIATRY & NEUROLOGY) PHYSICIAN,1
LPN,Licensed Practical Nurse,2084N0400X,NEUROLOGY PHYSICIAN,1
LPN,Licensed Practical Nurse,2084P0804X,CHILD & ADOLESCENT PSYCHIATRY PHYSICIAN,1
LPN,Licensed Practical Nurse,2084P0805X,GERIATRIC PSYCHIATRY PHYSICIAN,1
LPN,Licensed Practical Nurse,208800000X,UROLOGY PHYSICIAN,1
LPN,Licensed Practical Nurse,208VP0014X,INTERVENTIONAL PAIN MEDICINE PHYSICIAN,1
LVN,Licensed Vocational Nurse,204C00000X,SPORTS MEDICINE (NEUROMUSCULOSKELETAL MEDICINE) PHYSICIAN,1
LVN,Licensed Vocational Nurse,207PE0004X,EMERGENCY MEDICAL SERVICES (EMERGENCY MEDICINE) PHYSICIAN,1
LVN,Licensed Vocational Nurse,207QA0505X,ADULT MEDICINE PHYSICIAN,1
LVN,Licensed Vocational Nurse,207V00000X,OBSTETRICS & GYNECOLOGY PHYSICIAN,1
LVN,Licensed Vocational Nurse,2080C0008X,CHILD ABUSE PEDIATRICS PHYSICIAN,1
LVN,Licensed Vocational Nurse,2080P0008X,PEDIATRIC NEURODEVELOPMENTAL DISABILITIES PHYSICIAN,1
LVN,Licensed Vocational Nurse,2080T0002X,PEDIATRIC MEDICAL TOXICOLOGY PHYSICIAN,1
LVN,Licensed Vocational Nurse,2083A0300X,ADDICTION MEDICINE (PREVENTIVE MEDICINE) PHYSICIAN,1
LVN,Licensed Vocational Nurse,2084D0003X,DIAGNOSTIC NEUROIMAGING (PSYCHIATRY & NEUROLOGY) PHYSICIAN,1
MSN,Master of Science in Nursing,202C00000X,INDEPENDENT MEDICAL EXAMINER PHYSICIAN,1
MSN,Master of Science in Nursing,202K00000X,PHLEBOLOGY PHYSICIAN,1
MSN,Master of Science in Nursing,207K00000X,ALLERGY & IMMUNOLOGY PHYSICIAN,1
MSN,Master of Science in Nursing,207LA0401X,ADDICTION MEDICINE (ANESTHESIOLOGY) PHYSICIAN,1
MSN,Master of Science in Nursing,207PP0204X,PEDIATRIC EMERGENCY MEDICINE (EMERGENCY MEDICINE) PHYSICIAN,1
MSN,Master of Science in Nursing,207RG0300X,GERIATRIC MEDICINE (INTERNAL MEDICINE) PHYSICIAN,1
MSN,Master of Science in Nursing,207RR0500X,RHEUMATOLOGY PHYSICIAN,1
MSN,Master of Science in Nursing,207RS0012X,SLEEP MEDICINE (INTERNAL MEDICINE) PHYSICIAN,1
MSN,Master of Science in Nursing,207SG0207X,MEDICAL BIOCHEMICAL GENETICS,1
MSN,Master of Science in Nursing,207VF0040X,UROGYNECOLOGY AND RECONSTRUCTIVE PELVIC SURGERY (OBSTETRICS & GYNECOLOGY) PHYSICIAN,1
MSN,Master of Science in Nursing,207XS0106X,ORTHOPAEDIC HAND SURGERY PHYSICIAN,1
MSN,Master of Science in Nursing,207XX0005X,SPORTS MEDICINE (ORTHOPAEDIC SURGERY) PHYSICIAN,1
MSN,Master of Science in Nursing,207XX0801X,ORTHOPAEDIC TRAUMA PHYSICIAN,1
MSN,Master of Science in Nursing,207YX0007X,PLASTIC SURGERY WITHIN THE HEAD & NECK (OTOLARYNGOLOGY) PHYSICIAN,1
MSN,Master of Science in Nursing,2080A0000X,PEDIATRIC ADOLESCENT MEDICINE PHYSICIAN,1
MSN,Master of Science in Nursing,2080C0008X,CHILD ABUSE PEDIATRICS PHYSICIAN,1
MSN,Master of Science in Nursing,2080P0201X,PEDIATRIC ALLERGY/IMMUNOLOGY PHYSICIAN,1
MSN,Master of Science in Nursing,2080P0204X,PEDIATRIC EMERGENCY MEDICINE (PEDIATRICS) PHYSICIAN,1
MSN,Master of Science in Nursing,2080P0208X,PEDIATRIC INFECTIOUS DISEASES PHYSICIAN,1
MSN,Master of Science in Nursing,2080P0210X,PEDIATRIC NEPHROLOGY PHYSICIAN,1
MSN,Master of Science in Nursing,2081P0010X,PEDIATRIC REHABILITATION MEDICINE PHYSICIAN,1
MSN,Master of Science in Nursing,2081P2900X,PAIN MEDICINE (PHYSICAL MEDICINE & REHABILITATION) PHYSICIAN,1
MSN,Master of Science in Nursing,2083B0002X,OBESITY MEDICINE (PREVENTIVE MEDICINE) PHYSICIAN,1
MSN,Master of Science in Nursing,2084P0005X,NEURODEVELOPMENTAL DISABILITIES PHYSICIAN,1
MSN,Master of Science in Nursing,2086S0127X,TRAUMA SURGERY PHYSICIAN,1
MSN,Master of Science in Nursing,2088F0040X,UROGYNECOLOGY AND RECONSTRUCTIVE PELVIC SURGERY (UROLOGY) PHYSICIAN,1
NC-BC,Nurse Coach Board Certified,202D00000X,INTEGRATIVE MEDICINE PHYSICIAN,1
NE-BC,Nurse Executive,207N00000X,DERMATOLOGY PHYSICIAN,1
NE-BC,Nurse Executive,207R00000X,INTERNAL MEDICINE PHYSICIAN,1
NE-BC,Nurse Executive,207RE0101X,"ENDOCRINOLOGY, DIABETES & METABOLISM PHYSICIAN",1
NEA-BC,Nurse Executive Advanced,2084P0800X,PSYCHIATRY PHYSICIAN,1
NURSE,Nurse,204F00000X,TRANSPLANT SURGERY PHYSICIAN,1
NURSE,Nurse,207L00000X,ANESTHESIOLOGY PHYSICIAN,1
NURSE,Nurse,207P00000X,EMERGENCY MEDICINE PHYSICIAN,1
NURSE,Nurse,207PT0002X,MEDICAL TOXICOLOGY (EMERGENCY MEDICINE) PHYSICIAN,1
NURSE,Nurse,207QH0002X,HOSPICE AND PALLIATIVE MEDICINE (FAMILY MEDICINE) PHYSICIAN,1
NURSE,Nurse,207RA0401X,ADDICTION MEDICINE (INTERNAL MEDICINE) PHYSICIAN,1
NURSE,Nurse,207RG0300X,GERIATRIC MEDICINE (INTERNAL MEDICINE) PHYSICIAN,1
NURSE,Nurse,207RH0002X,HOSPICE AND PALLIATIVE MEDICINE (INTERNAL MEDICINE) PHYSICIAN,1
NURSE,Nurse,207RH0003X,HEMATOLOGY & ONCOLOGY PHYSICIAN,1
NURSE,Nurse,207RI0001X,CLINICAL & LABORATORY IMMUNOLOGY (INTERNAL MEDICINE) PHYSICIAN,1
NURSE,Nurse,207RI0011X,INTERVENTIONAL CARDIOLOGY PHYSICIAN,1
NURSE,Nurse,207RI0200X,INFECTIOUS DISEASE PHYSICIAN,1
NURSE,Nurse,207RN0300X,NEPHROLOGY PHYSICIAN,1
NURSE,Nurse,207RP1001X,PULMONARY DISEASE PHYSICIAN,1
NURSE,Nurse,207VX0000X,OBSTETRICS PHYSICIAN,1
NURSE,Nurse,2080N0001X,NEONATAL-PERINATAL MEDICINE PHYSICIAN,1
NURSE,Nurse,2080P0203X,PEDIATRIC CRITICAL CARE MEDICINE PHYSICIAN,1
NURSE,Nurse,2080P0204X,PEDIATRIC EMERGENCY MEDICINE (PEDIATRICS) PHYSICIAN,1
NURSE,Nurse,2081H0002X,HOSPICE AND PALLIATIVE MEDICINE (PHYSICAL MEDICINE & REHABILITATION) PHYSICIAN,1
NURSE,Nurse,2083P0500X,PREVENTIVE MEDICINE/OCCUPATIONAL ENVIRONMENTAL MEDICINE PHYSICIAN,1
NURSE,Nurse,2083P0901X,PUBLIC HEALTH & GENERAL PREVENTIVE MEDICINE PHYSICIAN,1
NURSE,Nurse,2084A0401X,ADDICTION MEDICINE (PSYCHIATRY & NEUROLOGY) PHYSICIAN,1
NURSE,Nurse,2084P0802X,ADDICTION PSYCHIATRY PHYSICIAN,1
NURSE,Nurse,2085R0001X,RADIATION ONCOLOGY PHYSICIAN,1
NURSE,Nurse,208600000X,SURGERY PHYSICIAN,1
NURSE,Nurse,2086S0127X,TRAUMA SURGERY PHYSICIAN,1
NURSE,Nurse,208G00000X,THORACIC SURGERY (CARDIOTHORACIC VASCULAR SURGERY) PHYSICIAN,1
OCN,Oncology Certified Nurse,207Q00000X,FAMILY MEDICINE PHYSICIAN,1
OCN,Oncology Certified Nurse,207QH0002X,HOSPICE AND PALLIATIVE MEDICINE (FAMILY MEDICINE) PHYSICIAN,1
OCN,Oncology Certified Nurse,207RH0003X,HEMATOLOGY & ONCOLOGY PHYSICIAN,1
OCN,Oncology Certified Nurse,2084P0804X,CHILD & ADOLESCENT PSYCHIATRY PHYSICIAN,1
PCCN,Progressive Care Certified Nurse (Adult),207RC0000X,CARDIOVASCULAR DISEASE PHYSICIAN,1
PCNS-BC,Pediatric Clinical Nurse Specialist,208000000X,PEDIATRICS PHYSICIAN,1
PMHCNS-BC,Psychiatric Mental Health Clinical Nurse Specialist,2084P0800X,PSYCHIATRY PHYSICIAN,1
RN,Registered Nurse,202K00000X,PHLEBOLOGY PHYSICIAN,1
RN,Registered Nurse,204F00000X,TRANSPLANT SURGERY PHYSICIAN,1
RN,Registered Nurse,207KI0005X,CLINICAL & LABORATORY IMMUNOLOGY (ALLERGY & IMMUNOLOGY) PHYSICIAN,1
RN,Registered Nurse,207LA0401X,ADDICTION MEDICINE (ANESTHESIOLOGY) PHYSICIAN,1
RN,Registered Nurse,207LH0002X,HOSPICE AND PALLIATIVE MEDICINE (ANESTHESIOLOGY) PHYSICIAN,1
RN,Registered Nurse,207PH0002X,HOSPICE AND PALLIATIVE MEDICINE (EMERGENCY MEDICINE) PHYSICIAN,1
RN,Registered Nurse,207PT0002X,MEDICAL TOXICOLOGY (EMERGENCY MEDICINE) PHYSICIAN,1
RN,Registered Nurse,207RA0201X,ALLERGY & IMMUNOLOGY (INTERNAL MEDICINE) PHYSICIAN,1
RN,Registered Nurse,207RB0002X,OBESITY MEDICINE (INTERNAL MEDICINE) PHYSICIAN,1
RN,Registered Nurse,207RI0008X,HEPATOLOGY PHYSICIAN,1
RN,Registered Nurse,207U00000X,NUCLEAR MEDICINE PHYSICIAN,1
RN,Registered Nurse,207VC0300X,COMPLEX FAMILY PLANNING PHYSICIAN,1
RN,Registered Nurse,207VF0040X,UROGYNECOLOGY AND RECONSTRUCTIVE PELVIC SURGERY (OBSTETRICS & GYNECOLOGY) PHYSICIAN,1
RN,Registered Nurse,207VX0201X,GYNECOLOGIC ONCOLOGY PHYSICIAN,1
RN,Registered Nurse,207WX0120X,CORNEA AND EXTERNAL DISEASES SPECIALIST PHYSICIAN,1
RN,Registered Nurse,207XS0106X,ORTHOPAEDIC HAND SURGERY PHYSICIAN,1
RN,Registered Nurse,207XX0004X,ORTHOPAEDIC FOOT AND ANKLE SURGERY PHYSICIAN,1
RN,Registered Nurse,207XX0801X,ORTHOPAEDIC TRAUMA PHYSICIAN,1
RN,Registered Nurse,207YX0602X,OTOLARYNGIC ALLERGY PHYSICIAN,1
RN,Registered Nurse,207ZC0006X,CLINICAL PATHOLOGY PHYSICIAN,1
RN,Registered Nurse,207ZC0008X,CLINICAL INFORMATICS (PATHOLOGY) PHYSICIAN,1
RN,Registered Nurse,207ZP0105X,CLINICAL PATHOLOGY/LABORATORY MEDICINE PHYSICIAN,1
RN,Registered Nurse,2080H0002X,PEDIATRIC HOSPICE AND PALLIATIVE MEDICINE PHYSICIAN,1
RN,Registered Nurse,2080P0008X,PEDIATRIC NEURODEVELOPMENTAL DISABILITIES PHYSICIAN,1
RN,Registered Nurse,2080P0202X,PEDIATRIC CARDIOLOGY PHYSICIAN,1
RN,Registered Nurse,2080P0208X,PEDIATRIC INFECTIOUS DISEASES PHYSICIAN,1
RN,Registered Nurse,2080P0210X,PEDIATRIC NEPHROLOGY PHYSICIAN,1
RN,Registered Nurse,2080P0216X,PEDIATRIC RHEUMATOLOGY PHYSICIAN,1
RN,Registered Nurse,2084A2900X,NEUROCRITICAL CARE PHYSICIAN,1
RN,Registered Nurse,2084F0202X,FORENSIC PSYCHIATRY PHYSICIAN,1
RN,Registered Nurse,2084P0015X,PSYCHOSOMATIC MEDICINE PHYSICIAN,1
RN,Registered Nurse,2084P0805X,GERIATRIC PSYCHIATRY PHYSICIAN,1
RN,Registered Nurse,2085R0202X,DIAGNOSTIC RADIOLOGY PHYSICIAN,1
RN-C,Registered Nurse Certified,207Q00000X,FAMILY MEDICINE PHYSICIAN,1
RN-C,Registered Nurse Certified,207V00000X,OBSTETRICS & GYNECOLOGY PHYSICIAN,1
RNC-OB,Inpatient Obstetric Nursing,207VX0000X,OBSTETRICS PHYSICIAN,1
RNC-OB,Inpatient Obstetric Nursing,208000000X,PEDIATRICS PHYSICIAN,1
RNCS,Registered Nurse Clinical Specialist,2084P0804X,CHILD & ADOLESCENT PSYCHIATRY PHYSICIAN,1
RNFA,Registered Nurse First Assistant,202C00000X,INDEPENDENT MEDICAL EXAMINER PHYSICIAN,1
RNFA,Registered Nurse First Assistant,207P00000X,EMERGENCY MEDICINE PHYSICIAN,1
RNFA,Registered Nurse First Assistant,207Q00000X,FAMILY MEDICINE PHYSICIAN,1
RNFA,Registered Nurse First Assistant,207QH0002X,HOSPICE AND PALLIATIVE MEDICINE (FAMILY MEDICINE) PHYSICIAN,1
RNFA,Registered Nurse First Assistant,207V00000X,OBSTETRICS & GYNECOLOGY PHYSICIAN,1
RNFA,Registered Nurse First Assistant,207VX0000X,OBSTETRICS PHYSICIAN,1
RNFA,Registered Nurse First Assistant,2083P0901X,PUBLIC HEALTH & GENERAL PREVENTIVE MEDICINE PHYSICIAN,1
RNFA,Registered Nurse First Assistant,2086S0122X,PLASTIC AND RECONSTRUCTIVE SURGERY PHYSICIAN,1
RNFA,Registered Nurse First Assistant,2086S0129X,VASCULAR SURGERY PHYSICIAN,1
RNFA,Registered Nurse First Assistant,208G00000X,THORACIC SURGERY (CARDIOTHORACIC VASCULAR SURGERY) PHYSICIAN,1
SANE-A,Sexual Assault Nurse Examiner - Adult/Adolescent,207Q00000X,FAMILY MEDICINE PHYSICIAN,1
SANE-P,Sexual Assault Nurse Examiner - Pediatric,207Q00000X,FAMILY MEDICINE PHYSICIAN,1
SCRN,Stroke Certified Registered Nurse,208M00000X,HOSPITALIST PHYSICIAN,1
